{
    "parent": "block/jungle_trapdoor_bottom",
    "textures": {
        "texture": "block/jungle_trapdoor",
        "edge": "block/jungle_trapdoor_edge"
	},
	"overrides": [
    
		{ "predicate": {"custom_model_data": 6550}, "model": "table/jungle/jungle_4l"},
        { "predicate": {"custom_model_data": 6551}, "model": "table/jungle/jungle_mid"},
        { "predicate": {"custom_model_data": 6552}, "model": "table/jungle/jungle_1l"},
        { "predicate": {"custom_model_data": 6553}, "model": "table/jungle/jungle_2l"},
        { "predicate": {"custom_model_data": 6554}, "model": "table/jungle/jungle_ml"},
        { "predicate": {"custom_model_data": 80010}, "model": "bookshelf/jungle_bookshelf"}
	]
}