{
    "parent": "block/warped_trapdoor_bottom",
    "textures": {
        "texture": "block/warped_trapdoor",
        "edge": "block/warped_trapdoor_edge"
	},
	"overrides": [
    
		{ "predicate": {"custom_model_data": 2137}, "model": "table/warped/warped_4l"},
        { "predicate": {"custom_model_data": 2138}, "model": "table/warped/warped_mid"},
        { "predicate": {"custom_model_data": 2139}, "model": "table/warped/warped_1l"},
        { "predicate": {"custom_model_data": 2140}, "model": "table/warped/warped_2l"},
        { "predicate": {"custom_model_data": 2141}, "model": "table/warped/warped_ml"}
	]
}