{
	"credit": "Made with Blockbench, a free, modern block model editor by JannisX11",
	"textures": {
		"0": "block/birch_planks",
		"1": "block/anvil",
		"particle": "block/anvil"
	},
	"elements": [
		{
			"name": "Leg_top3",
			"from": [2, 10.5, 12],
			"to": [4, 22.5, 14],
			"faces": {
				"north": {"uv": [0, 0, 2, 12], "texture": "#0"},
				"east": {"uv": [0, 0, 2, 12], "texture": "#0"},
				"south": {"uv": [0, 0, 2, 12], "texture": "#0"},
				"west": {"uv": [0, 0, 2, 12], "texture": "#0"},
				"up": {"uv": [0, 0, 2, 2], "texture": "#0"},
				"down": {"uv": [0, 0, 2, 2], "texture": "#0"}
			}
		},
		{
			"name": "Leg_top4",
			"from": [12, 10.5, 12],
			"to": [14, 22.5, 14],
			"faces": {
				"north": {"uv": [0, 0, 2, 12], "texture": "#0"},
				"east": {"uv": [0, 0, 2, 12], "texture": "#0"},
				"south": {"uv": [0, 0, 2, 12], "texture": "#0"},
				"west": {"uv": [0, 0, 2, 12], "texture": "#0"},
				"up": {"uv": [0, 0, 2, 2], "texture": "#0"},
				"down": {"uv": [0, 0, 2, 2], "texture": "#0"}
			}
		},
		{
			"name": "Top Plank1-2",
			"from": [11.75, 22.5, 11.75],
			"to": [14.25, 23, 14.25],
			"faces": {
				"north": {"uv": [9, 4.5, 11, 5], "texture": "#0"},
				"east": {"uv": [9, 4.5, 11, 5], "texture": "#0"},
				"south": {"uv": [9, 4.5, 11, 5], "texture": "#0"},
				"west": {"uv": [9, 4.5, 11, 5], "texture": "#0"},
				"up": {"uv": [0, 0, 2, 2], "texture": "#0"},
				"down": {"uv": [0, 0, 2, 0.5], "texture": "#0"}
			}
		},
		{
			"name": "Seat3",
			"from": [12, 9, 1],
			"to": [14, 10.5, 14],
			"faces": {
				"north": {"uv": [3.25, 5.25, 5.25, 6.75], "texture": "#0"},
				"east": {"uv": [1, 1.25, 14, 2.75], "texture": "#0"},
				"south": {"uv": [5, 1.25, 7, 2.75], "texture": "#0"},
				"west": {"uv": [1, 5.25, 14, 6.75], "texture": "#0"},
				"up": {"uv": [4, 1, 6, 14], "texture": "#0"},
				"down": {"uv": [0, 0, 2, 13], "texture": "#0"}
			}
		},
		{
			"name": "Seat2",
			"from": [2, 9, 1],
			"to": [4, 10.5, 14],
			"faces": {
				"north": {"uv": [4, 5.25, 6, 6.75], "texture": "#0"},
				"east": {"uv": [0, 8.25, 13, 9.75], "texture": "#0"},
				"south": {"uv": [0, 0.25, 2, 1.75], "texture": "#0"},
				"west": {"uv": [2, 9.25, 15, 10.75], "texture": "#0"},
				"up": {"uv": [4, 1, 6, 14], "texture": "#0"},
				"down": {"uv": [0, 0, 2, 13], "texture": "#0"}
			}
		},
		{
			"name": "Seat4",
			"from": [4, 9, 1],
			"to": [12, 10.5, 3],
			"faces": {
				"north": {"uv": [4, 2.25, 12.5, 3.75], "texture": "#0"},
				"east": {"uv": [0, 0, 2, 1.5], "texture": "#0"},
				"south": {"uv": [0.5, 0.25, 9, 1.75], "texture": "#0"},
				"west": {"uv": [0, 0, 2, 1.5], "texture": "#0"},
				"up": {"uv": [2.5, 8, 11, 10], "texture": "#0"},
				"down": {"uv": [5.5, 2, 14, 4], "texture": "#0"}
			}
		},
		{
			"name": "Seat5",
			"from": [4, 9, 12],
			"to": [12, 10.5, 14],
			"faces": {
				"north": {"uv": [5, 8.25, 13, 9.75], "texture": "#0"},
				"east": {"uv": [0, 0, 2, 1.5], "texture": "#0"},
				"south": {"uv": [3, 9.25, 11, 10.75], "texture": "#0"},
				"west": {"uv": [0, 0, 2, 1.5], "texture": "#0"},
				"up": {"uv": [3, 8, 11, 10], "texture": "#0"},
				"down": {"uv": [5, 8, 13, 10], "texture": "#0"}
			}
		},
		{
			"name": "Top Plank1-3",
			"from": [1.75, 22.5, 11.75],
			"to": [4.25, 23, 14.25],
			"faces": {
				"north": {"uv": [9, 4.5, 11, 5], "texture": "#0"},
				"east": {"uv": [9, 4.5, 11, 5], "texture": "#0"},
				"south": {"uv": [9, 4.5, 11, 5], "texture": "#0"},
				"west": {"uv": [9, 4.5, 11, 5], "texture": "#0"},
				"up": {"uv": [0, 0, 2, 2], "texture": "#0"},
				"down": {"uv": [0, 0, 2, 0.5], "texture": "#0"}
			}
		},
		{
			"name": "Leg_top1",
			"from": [12.25, 5.25, 1.25],
			"to": [14, 9, 3],
			"faces": {
				"north": {"uv": [4.25, 7, 5.75, 11], "texture": "#0"},
				"east": {"uv": [7.25, 7, 8.75, 11], "texture": "#0"},
				"south": {"uv": [6.25, 7, 7.75, 11], "texture": "#0"},
				"west": {"uv": [5.25, 7, 6.75, 11], "texture": "#0"},
				"down": {"uv": [4, 4, 6, 6], "texture": "#0"}
			}
		},
		{
			"name": "Leg_Bot1",
			"from": [12.25, -0.25, 1.25],
			"to": [14, 1.25, 3],
			"faces": {
				"north": {"uv": [5, 3, 7, 5], "texture": "#0"},
				"east": {"uv": [11, 3, 13, 5], "texture": "#0"},
				"south": {"uv": [9, 3, 11, 5], "texture": "#0"},
				"west": {"uv": [7, 3, 9, 5], "texture": "#0"},
				"up": {"uv": [5, 3, 7, 5], "texture": "#0"},
				"down": {"uv": [5, 3, 7, 5], "texture": "#0"}
			}
		},
		{
			"name": "Leg1",
			"from": [12.5, 1.25, 1.5],
			"to": [13.75, 6.25, 2.75],
			"faces": {
				"north": {"uv": [2, 6, 3, 11], "texture": "#0"},
				"east": {"uv": [7, 6, 8, 11], "texture": "#0"},
				"south": {"uv": [4, 6, 5, 11], "texture": "#0"},
				"west": {"uv": [3, 6, 4, 11], "texture": "#0"},
				"up": {"uv": [0, 0, 1.25, 1.25], "texture": "#0"},
				"down": {"uv": [0, 0, 1.25, 1.25], "texture": "#0"}
			}
		},
		{
			"name": "Leg2",
			"from": [12.75, 1.25, 12.5],
			"to": [14, 6.25, 13.75],
			"faces": {
				"north": {"uv": [2, 6, 3, 11], "texture": "#0"},
				"east": {"uv": [7, 6, 8, 11], "texture": "#0"},
				"south": {"uv": [4, 6, 5, 11], "texture": "#0"},
				"west": {"uv": [3, 6, 4, 11], "texture": "#0"},
				"up": {"uv": [0, 0, 1.25, 1.25], "texture": "#0"},
				"down": {"uv": [0, 0, 1.25, 1.25], "texture": "#0"}
			}
		},
		{
			"name": "Leg_top2",
			"from": [12.5, 5.25, 12.25],
			"to": [14.25, 9, 14],
			"faces": {
				"north": {"uv": [4.25, 7, 5.75, 11], "texture": "#0"},
				"east": {"uv": [7.25, 7, 8.75, 11], "texture": "#0"},
				"south": {"uv": [6.25, 7, 7.75, 11], "texture": "#0"},
				"west": {"uv": [5.25, 7, 6.75, 11], "texture": "#0"},
				"down": {"uv": [4, 4, 6, 6], "texture": "#0"}
			}
		},
		{
			"name": "Leg_Bot2",
			"from": [12.5, -0.25, 12.25],
			"to": [14.25, 1.25, 14],
			"faces": {
				"north": {"uv": [5, 3, 7, 5], "texture": "#0"},
				"east": {"uv": [11, 3, 13, 5], "texture": "#0"},
				"south": {"uv": [9, 3, 11, 5], "texture": "#0"},
				"west": {"uv": [7, 3, 9, 5], "texture": "#0"},
				"up": {"uv": [5, 3, 7, 5], "texture": "#0"},
				"down": {"uv": [5, 3, 7, 5], "texture": "#0"}
			}
		},
		{
			"name": "Leg3",
			"from": [2.25, 1.25, 12.5],
			"to": [3.5, 6.25, 13.75],
			"faces": {
				"north": {"uv": [2, 6, 3, 11], "texture": "#0"},
				"east": {"uv": [7, 6, 8, 11], "texture": "#0"},
				"south": {"uv": [4, 6, 5, 11], "texture": "#0"},
				"west": {"uv": [3, 6, 4, 11], "texture": "#0"},
				"up": {"uv": [0, 0, 1.25, 1.25], "texture": "#0"},
				"down": {"uv": [0, 0, 1.25, 1.25], "texture": "#0"}
			}
		},
		{
			"name": "Leg_top3",
			"from": [2, 5.25, 12.25],
			"to": [3.75, 9, 14],
			"faces": {
				"north": {"uv": [4.25, 7, 5.75, 11], "texture": "#0"},
				"east": {"uv": [7.25, 7, 8.75, 11], "texture": "#0"},
				"south": {"uv": [6.25, 7, 7.75, 11], "texture": "#0"},
				"west": {"uv": [5.25, 7, 6.75, 11], "texture": "#0"},
				"down": {"uv": [4, 4, 6, 6], "texture": "#0"}
			}
		},
		{
			"name": "Leg_Bot3",
			"from": [2, -0.25, 12.25],
			"to": [3.75, 1.25, 14],
			"faces": {
				"north": {"uv": [5, 3, 7, 5], "texture": "#0"},
				"east": {"uv": [11, 3, 13, 5], "texture": "#0"},
				"south": {"uv": [9, 3, 11, 5], "texture": "#0"},
				"west": {"uv": [7, 3, 9, 5], "texture": "#0"},
				"up": {"uv": [5, 3, 7, 5], "texture": "#0"},
				"down": {"uv": [5, 3, 7, 5], "texture": "#0"}
			}
		},
		{
			"name": "Leg4",
			"from": [2.25, 1.25, 1.5],
			"to": [3.5, 6.25, 2.75],
			"faces": {
				"north": {"uv": [2, 6, 3, 11], "texture": "#0"},
				"east": {"uv": [7, 6, 8, 11], "texture": "#0"},
				"south": {"uv": [4, 6, 5, 11], "texture": "#0"},
				"west": {"uv": [3, 6, 4, 11], "texture": "#0"},
				"up": {"uv": [0, 0, 1.25, 1.25], "texture": "#0"},
				"down": {"uv": [0, 0, 1.25, 1.25], "texture": "#0"}
			}
		},
		{
			"name": "Leg_top4",
			"from": [2, 5.25, 1.25],
			"to": [3.75, 9, 3],
			"faces": {
				"north": {"uv": [4.25, 7, 5.75, 11], "texture": "#0"},
				"east": {"uv": [7.25, 7, 8.75, 11], "texture": "#0"},
				"south": {"uv": [6.25, 7, 7.75, 11], "texture": "#0"},
				"west": {"uv": [5.25, 7, 6.75, 11], "texture": "#0"},
				"down": {"uv": [4, 4, 6, 6], "texture": "#0"}
			}
		},
		{
			"name": "Leg_Bot4",
			"from": [2, -0.25, 1.25],
			"to": [3.75, 1.25, 3],
			"faces": {
				"north": {"uv": [5, 3, 7, 5], "texture": "#0"},
				"east": {"uv": [11, 3, 13, 5], "texture": "#0"},
				"south": {"uv": [9, 3, 11, 5], "texture": "#0"},
				"west": {"uv": [7, 3, 9, 5], "texture": "#0"},
				"up": {"uv": [5, 3, 7, 5], "texture": "#0"},
				"down": {"uv": [5, 3, 7, 5], "texture": "#0"}
			}
		},
		{
			"name": "Seat6",
			"from": [3.75, 19.5, 13],
			"to": [12.25, 21.5, 13.5],
			"faces": {
				"north": {"uv": [3.75, 8, 12.25, 10], "texture": "#0"},
				"east": {"uv": [0, 0, 0.5, 2], "texture": "#0"},
				"south": {"uv": [0, 0, 8.5, 2], "texture": "#0"},
				"west": {"uv": [0, 0, 0.5, 2], "texture": "#0"},
				"up": {"uv": [0, 0, 8.5, 0.5], "texture": "#0"},
				"down": {"uv": [0, 0, 8.5, 0.5], "texture": "#0"}
			}
		},
		{
			"name": "Seat7",
			"from": [3.75, 15.25, 13],
			"to": [12.25, 17.25, 13.5],
			"faces": {
				"north": {"uv": [3.75, 4, 12.25, 6], "texture": "#0"},
				"east": {"uv": [0, 0, 0.5, 2], "texture": "#0"},
				"south": {"uv": [0, 0, 8.5, 2], "texture": "#0"},
				"west": {"uv": [0, 0, 0.5, 2], "texture": "#0"},
				"up": {"uv": [0, 0, 8.5, 0.5], "texture": "#0"},
				"down": {"uv": [0, 0, 8.5, 0.5], "texture": "#0"}
			}
		},
		{
			"name": "Straw",
			"from": [11, 10.15, 11],
			"to": [12, 10.4, 12],
			"faces": {
				"north": {"uv": [0, 0, 1, 0.25], "texture": "#1"},
				"east": {"uv": [0, 0, 1, 0.25], "texture": "#1"},
				"south": {"uv": [0, 0, 1, 0.25], "texture": "#1"},
				"west": {"uv": [0, 0, 1, 0.25], "texture": "#1"},
				"up": {"uv": [0, 0, 1, 1], "texture": "#1"},
				"down": {"uv": [0, 0, 1, 1], "texture": "#1"}
			}
		},
		{
			"name": "Straw",
			"from": [4, 10.15, 11],
			"to": [5, 10.4, 12],
			"faces": {
				"north": {"uv": [0, 0, 1, 0.25], "texture": "#1"},
				"east": {"uv": [0, 0, 1, 0.25], "texture": "#1"},
				"south": {"uv": [0, 0, 1, 0.25], "texture": "#1"},
				"west": {"uv": [0, 0, 1, 0.25], "texture": "#1"},
				"up": {"uv": [0, 0, 1, 1], "texture": "#1"},
				"down": {"uv": [0, 0, 1, 1], "texture": "#1"}
			}
		},
		{
			"name": "Straw",
			"from": [11, 10.15, 3],
			"to": [12, 10.4, 4],
			"faces": {
				"north": {"uv": [0, 0, 1, 0.25], "texture": "#1"},
				"east": {"uv": [0, 0, 1, 0.25], "texture": "#1"},
				"south": {"uv": [0, 0, 1, 0.25], "texture": "#1"},
				"west": {"uv": [0, 0, 1, 0.25], "texture": "#1"},
				"up": {"uv": [0, 0, 1, 1], "texture": "#1"},
				"down": {"uv": [0, 0, 1, 1], "texture": "#1"}
			}
		},
		{
			"name": "Straw",
			"from": [4, 10.15, 3],
			"to": [5, 10.4, 4],
			"faces": {
				"north": {"uv": [0, 0, 1, 0.25], "texture": "#1"},
				"east": {"uv": [0, 0, 1, 0.25], "texture": "#1"},
				"south": {"uv": [0, 0, 1, 0.25], "texture": "#1"},
				"west": {"uv": [0, 0, 1, 0.25], "texture": "#1"},
				"up": {"uv": [0, 0, 1, 1], "texture": "#1"},
				"down": {"uv": [0, 0, 1, 1], "texture": "#1"}
			}
		},
		{
			"name": "Straw",
			"from": [5, 10.15, 3],
			"to": [6, 10.4, 4],
			"faces": {
				"north": {"uv": [6, 5, 7, 6], "texture": "#1"},
				"east": {"uv": [6, 5, 7, 6], "texture": "#1"},
				"south": {"uv": [6, 5, 7, 6], "texture": "#1"},
				"west": {"uv": [6, 5, 7, 6], "texture": "#1"},
				"up": {"uv": [6, 5, 7, 6], "texture": "#1"},
				"down": {"uv": [6, 5, 7, 6], "texture": "#1"}
			}
		},
		{
			"name": "Straw",
			"from": [5, 10.15, 5],
			"to": [6, 10.4, 6],
			"faces": {
				"north": {"uv": [10, 8, 11, 9], "texture": "#1"},
				"east": {"uv": [10, 8, 11, 9], "texture": "#1"},
				"south": {"uv": [10, 8, 11, 9], "texture": "#1"},
				"west": {"uv": [10, 8, 11, 9], "texture": "#1"},
				"up": {"uv": [10, 8, 11, 9], "texture": "#1"},
				"down": {"uv": [10, 8, 11, 9], "texture": "#1"}
			}
		},
		{
			"name": "Straw",
			"from": [6, 10.15, 6],
			"to": [7, 10.4, 7],
			"faces": {
				"north": {"uv": [6, 3, 7, 4], "texture": "#1"},
				"east": {"uv": [6, 3, 7, 4], "texture": "#1"},
				"south": {"uv": [6, 3, 7, 4], "texture": "#1"},
				"west": {"uv": [6, 3, 7, 4], "texture": "#1"},
				"up": {"uv": [6, 3, 7, 4], "texture": "#1"},
				"down": {"uv": [6, 3, 7, 4], "texture": "#1"}
			}
		},
		{
			"name": "Straw",
			"from": [6, 10.15, 8],
			"to": [7, 10.4, 9],
			"faces": {
				"north": {"uv": [9, 9, 10, 10], "texture": "#1"},
				"east": {"uv": [9, 9, 10, 10], "texture": "#1"},
				"south": {"uv": [9, 9, 10, 10], "texture": "#1"},
				"west": {"uv": [9, 9, 10, 10], "texture": "#1"},
				"up": {"uv": [9, 9, 10, 10], "texture": "#1"},
				"down": {"uv": [9, 9, 10, 10], "texture": "#1"}
			}
		},
		{
			"name": "Straw",
			"from": [5, 10.15, 9],
			"to": [6, 10.4, 10],
			"faces": {
				"north": {"uv": [10, 8, 11, 9], "texture": "#1"},
				"east": {"uv": [10, 8, 11, 9], "texture": "#1"},
				"south": {"uv": [10, 8, 11, 9], "texture": "#1"},
				"west": {"uv": [10, 8, 11, 9], "texture": "#1"},
				"up": {"uv": [10, 8, 11, 9], "texture": "#1"},
				"down": {"uv": [10, 8, 11, 9], "texture": "#1"}
			}
		},
		{
			"name": "Straw",
			"from": [5, 10.15, 11],
			"to": [6, 10.4, 12],
			"faces": {
				"north": {"uv": [6, 5, 7, 6], "texture": "#1"},
				"east": {"uv": [6, 5, 7, 6], "texture": "#1"},
				"south": {"uv": [6, 5, 7, 6], "texture": "#1"},
				"west": {"uv": [6, 5, 7, 6], "texture": "#1"},
				"up": {"uv": [6, 5, 7, 6], "texture": "#1"},
				"down": {"uv": [6, 5, 7, 6], "texture": "#1"}
			}
		},
		{
			"name": "Straw",
			"from": [9, 10.15, 8],
			"to": [10, 10.4, 9],
			"faces": {
				"north": {"uv": [9, 3, 10, 4], "texture": "#1"},
				"east": {"uv": [9, 3, 10, 4], "texture": "#1"},
				"south": {"uv": [9, 3, 10, 4], "texture": "#1"},
				"west": {"uv": [9, 3, 10, 4], "texture": "#1"},
				"up": {"uv": [9, 3, 10, 4], "texture": "#1"},
				"down": {"uv": [9, 3, 10, 4], "texture": "#1"}
			}
		},
		{
			"name": "Straw",
			"from": [9, 10.15, 6],
			"to": [10, 10.4, 7],
			"faces": {
				"north": {"uv": [4, 3, 5, 4], "texture": "#1"},
				"east": {"uv": [4, 3, 5, 4], "texture": "#1"},
				"south": {"uv": [4, 3, 5, 4], "texture": "#1"},
				"west": {"uv": [4, 3, 5, 4], "texture": "#1"},
				"up": {"uv": [4, 3, 5, 4], "texture": "#1"},
				"down": {"uv": [4, 3, 5, 4], "texture": "#1"}
			}
		},
		{
			"name": "Straw",
			"from": [10, 10.15, 9],
			"to": [11, 10.4, 10],
			"faces": {
				"north": {"uv": [12, 3, 13, 4], "texture": "#1"},
				"east": {"uv": [12, 3, 13, 4], "texture": "#1"},
				"south": {"uv": [12, 3, 13, 4], "texture": "#1"},
				"west": {"uv": [12, 3, 13, 4], "texture": "#1"},
				"up": {"uv": [12, 3, 13, 4], "texture": "#1"},
				"down": {"uv": [12, 3, 13, 4], "texture": "#1"}
			}
		},
		{
			"name": "Straw",
			"from": [10, 10.15, 11],
			"to": [11, 10.4, 12],
			"faces": {
				"north": {"uv": [11, 6, 12, 7], "texture": "#1"},
				"east": {"uv": [11, 6, 12, 7], "texture": "#1"},
				"south": {"uv": [11, 6, 12, 7], "texture": "#1"},
				"west": {"uv": [11, 6, 12, 7], "texture": "#1"},
				"up": {"uv": [11, 6, 12, 7], "texture": "#1"},
				"down": {"uv": [11, 6, 12, 7], "texture": "#1"}
			}
		},
		{
			"name": "Straw",
			"from": [10, 10.15, 3],
			"to": [11, 10.4, 4],
			"faces": {
				"north": {"uv": [6, 9, 7, 10], "texture": "#1"},
				"east": {"uv": [6, 9, 7, 10], "texture": "#1"},
				"south": {"uv": [6, 9, 7, 10], "texture": "#1"},
				"west": {"uv": [6, 9, 7, 10], "texture": "#1"},
				"up": {"uv": [6, 9, 7, 10], "texture": "#1"},
				"down": {"uv": [6, 9, 7, 10], "texture": "#1"}
			}
		},
		{
			"name": "Straw",
			"from": [10, 10.15, 5],
			"to": [11, 10.4, 6],
			"faces": {
				"north": {"uv": [5, 3, 6, 4], "texture": "#1"},
				"east": {"uv": [5, 3, 6, 4], "texture": "#1"},
				"south": {"uv": [5, 3, 6, 4], "texture": "#1"},
				"west": {"uv": [5, 3, 6, 4], "texture": "#1"},
				"up": {"uv": [5, 3, 6, 4], "texture": "#1"},
				"down": {"uv": [5, 3, 6, 4], "texture": "#1"}
			}
		},
		{
			"name": "Straw",
			"from": [9, 10.15, 4],
			"to": [10, 10.4, 5],
			"faces": {
				"north": {"uv": [9, 7, 10, 8], "texture": "#1"},
				"east": {"uv": [9, 7, 10, 8], "texture": "#1"},
				"south": {"uv": [9, 7, 10, 8], "texture": "#1"},
				"west": {"uv": [9, 7, 10, 8], "texture": "#1"},
				"up": {"uv": [9, 7, 10, 8], "texture": "#1"},
				"down": {"uv": [9, 7, 10, 8], "texture": "#1"}
			}
		},
		{
			"name": "Straw",
			"from": [6, 10.15, 4],
			"to": [7, 10.4, 5],
			"faces": {
				"north": {"uv": [8, 10, 9, 11], "texture": "#1"},
				"east": {"uv": [8, 10, 9, 11], "texture": "#1"},
				"south": {"uv": [8, 10, 9, 11], "texture": "#1"},
				"west": {"uv": [8, 10, 9, 11], "texture": "#1"},
				"up": {"uv": [8, 10, 9, 11], "texture": "#1"},
				"down": {"uv": [8, 10, 9, 11], "texture": "#1"}
			}
		},
		{
			"name": "Straw",
			"from": [6, 10.15, 10],
			"to": [7, 10.4, 11],
			"faces": {
				"north": {"uv": [6, 5, 7, 6], "texture": "#1"},
				"east": {"uv": [6, 5, 7, 6], "texture": "#1"},
				"south": {"uv": [6, 5, 7, 6], "texture": "#1"},
				"west": {"uv": [6, 5, 7, 6], "texture": "#1"},
				"up": {"uv": [6, 5, 7, 6], "texture": "#1"},
				"down": {"uv": [6, 5, 7, 6], "texture": "#1"}
			}
		},
		{
			"name": "Straw",
			"from": [9, 10.15, 10],
			"to": [10, 10.4, 11],
			"faces": {
				"north": {"uv": [5, 8, 6, 9], "texture": "#1"},
				"east": {"uv": [5, 8, 6, 9], "texture": "#1"},
				"south": {"uv": [5, 8, 6, 9], "texture": "#1"},
				"west": {"uv": [5, 8, 6, 9], "texture": "#1"},
				"up": {"uv": [5, 8, 6, 9], "texture": "#1"},
				"down": {"uv": [5, 8, 6, 9], "texture": "#1"}
			}
		},
		{
			"name": "Straw",
			"from": [11, 10.15, 8],
			"to": [12, 10.4, 9],
			"faces": {
				"north": {"uv": [4, 4, 5, 5], "texture": "#1"},
				"east": {"uv": [4, 4, 5, 5], "texture": "#1"},
				"south": {"uv": [4, 4, 5, 5], "texture": "#1"},
				"west": {"uv": [4, 4, 5, 5], "texture": "#1"},
				"up": {"uv": [4, 4, 5, 5], "texture": "#1"},
				"down": {"uv": [4, 4, 5, 5], "texture": "#1"}
			}
		},
		{
			"name": "Straw",
			"from": [4, 10.15, 8],
			"to": [5, 10.4, 9],
			"faces": {
				"north": {"uv": [6, 5, 7, 6], "texture": "#1"},
				"east": {"uv": [6, 5, 7, 6], "texture": "#1"},
				"south": {"uv": [6, 5, 7, 6], "texture": "#1"},
				"west": {"uv": [6, 5, 7, 6], "texture": "#1"},
				"up": {"uv": [6, 5, 7, 6], "texture": "#1"},
				"down": {"uv": [6, 5, 7, 6], "texture": "#1"}
			}
		},
		{
			"name": "Straw",
			"from": [11, 10.15, 6],
			"to": [12, 10.4, 7],
			"faces": {
				"north": {"uv": [7, 3, 8, 4], "texture": "#1"},
				"east": {"uv": [7, 3, 8, 4], "texture": "#1"},
				"south": {"uv": [7, 3, 8, 4], "texture": "#1"},
				"west": {"uv": [7, 3, 8, 4], "texture": "#1"},
				"up": {"uv": [7, 3, 8, 4], "texture": "#1"},
				"down": {"uv": [7, 3, 8, 4], "texture": "#1"}
			}
		},
		{
			"name": "Straw",
			"from": [4, 10.15, 6],
			"to": [5, 10.4, 7],
			"faces": {
				"north": {"uv": [8, 6, 9, 7], "texture": "#1"},
				"east": {"uv": [8, 6, 9, 7], "texture": "#1"},
				"south": {"uv": [8, 6, 9, 7], "texture": "#1"},
				"west": {"uv": [8, 6, 9, 7], "texture": "#1"},
				"up": {"uv": [8, 6, 9, 7], "texture": "#1"},
				"down": {"uv": [8, 6, 9, 7], "texture": "#1"}
			}
		},
		{
			"name": "Straw",
			"from": [5, 10.15, 7],
			"to": [6, 10.4, 8],
			"faces": {
				"north": {"uv": [6, 5, 7, 6], "texture": "#1"},
				"east": {"uv": [6, 5, 7, 6], "texture": "#1"},
				"south": {"uv": [6, 5, 7, 6], "texture": "#1"},
				"west": {"uv": [6, 5, 7, 6], "texture": "#1"},
				"up": {"uv": [6, 5, 7, 6], "texture": "#1"},
				"down": {"uv": [6, 5, 7, 6], "texture": "#1"}
			}
		},
		{
			"name": "Straw",
			"from": [10, 10.15, 7],
			"to": [11, 10.4, 8],
			"faces": {
				"north": {"uv": [9, 3, 10, 4], "texture": "#1"},
				"east": {"uv": [9, 3, 10, 4], "texture": "#1"},
				"south": {"uv": [9, 3, 10, 4], "texture": "#1"},
				"west": {"uv": [9, 3, 10, 4], "texture": "#1"},
				"up": {"uv": [9, 3, 10, 4], "texture": "#1"},
				"down": {"uv": [9, 3, 10, 4], "texture": "#1"}
			}
		},
		{
			"name": "Straw",
			"from": [11, 10.15, 4],
			"to": [12, 10.4, 5],
			"faces": {
				"north": {"uv": [12, 9, 13, 10], "texture": "#1"},
				"east": {"uv": [12, 9, 13, 10], "texture": "#1"},
				"south": {"uv": [12, 9, 13, 10], "texture": "#1"},
				"west": {"uv": [12, 9, 13, 10], "texture": "#1"},
				"up": {"uv": [12, 9, 13, 10], "texture": "#1"},
				"down": {"uv": [12, 9, 13, 10], "texture": "#1"}
			}
		},
		{
			"name": "Straw",
			"from": [11, 10.15, 10],
			"to": [12, 10.4, 11],
			"faces": {
				"north": {"uv": [10, 4, 11, 5], "texture": "#1"},
				"east": {"uv": [10, 4, 11, 5], "texture": "#1"},
				"south": {"uv": [10, 4, 11, 5], "texture": "#1"},
				"west": {"uv": [10, 4, 11, 5], "texture": "#1"},
				"up": {"uv": [10, 4, 11, 5], "texture": "#1"},
				"down": {"uv": [10, 4, 11, 5], "texture": "#1"}
			}
		},
		{
			"name": "Straw",
			"from": [4, 10.15, 10],
			"to": [5, 10.4, 11],
			"faces": {
				"north": {"uv": [6, 5, 7, 6], "texture": "#1"},
				"east": {"uv": [6, 5, 7, 6], "texture": "#1"},
				"south": {"uv": [6, 5, 7, 6], "texture": "#1"},
				"west": {"uv": [6, 5, 7, 6], "texture": "#1"},
				"up": {"uv": [6, 5, 7, 6], "texture": "#1"},
				"down": {"uv": [6, 5, 7, 6], "texture": "#1"}
			}
		},
		{
			"name": "Straw",
			"from": [7, 10.15, 11],
			"to": [9, 10.4, 12],
			"faces": {
				"north": {"uv": [5.5, 3, 7.5, 4], "texture": "#1"},
				"east": {"uv": [5, 7, 6, 8], "texture": "#1"},
				"south": {"uv": [5.5, 3, 7.5, 4], "texture": "#1"},
				"west": {"uv": [5, 3, 6, 4], "texture": "#1"},
				"up": {"uv": [5, 7, 7, 8], "texture": "#1"},
				"down": {"uv": [5.5, 3, 7.5, 4], "texture": "#1"}
			}
		},
		{
			"name": "Straw",
			"from": [4, 10.15, 4],
			"to": [5, 10.4, 5],
			"faces": {
				"north": {"uv": [6, 5, 7, 6], "texture": "#1"},
				"east": {"uv": [6, 5, 7, 6], "texture": "#1"},
				"south": {"uv": [6, 5, 7, 6], "texture": "#1"},
				"west": {"uv": [6, 5, 7, 6], "texture": "#1"},
				"up": {"uv": [6, 5, 7, 6], "texture": "#1"},
				"down": {"uv": [6, 5, 7, 6], "texture": "#1"}
			}
		},
		{
			"name": "Straw",
			"from": [7, 10.15, 9],
			"to": [9, 10.4, 10],
			"faces": {
				"north": {"uv": [5.5, 3, 7.5, 4], "texture": "#1"},
				"east": {"uv": [5, 7, 6, 8], "texture": "#1"},
				"south": {"uv": [5.5, 3, 7.5, 4], "texture": "#1"},
				"west": {"uv": [5, 3, 6, 4], "texture": "#1"},
				"up": {"uv": [3, 7, 5, 8], "texture": "#1"},
				"down": {"uv": [5.5, 3, 7.5, 4], "texture": "#1"}
			}
		},
		{
			"name": "Straw",
			"from": [7, 10.15, 7],
			"to": [9, 10.4, 8],
			"faces": {
				"north": {"uv": [5.5, 3, 7.5, 4], "texture": "#1"},
				"east": {"uv": [5, 7, 6, 8], "texture": "#1"},
				"south": {"uv": [5.5, 3, 7.5, 4], "texture": "#1"},
				"west": {"uv": [5, 3, 6, 4], "texture": "#1"},
				"up": {"uv": [6, 5, 8, 6], "texture": "#1"},
				"down": {"uv": [5.5, 3, 7.5, 4], "texture": "#1"}
			}
		},
		{
			"name": "Straw",
			"from": [7, 10.15, 5],
			"to": [9, 10.4, 6],
			"faces": {
				"north": {"uv": [5.5, 3, 7.5, 4], "texture": "#1"},
				"east": {"uv": [5, 7, 6, 8], "texture": "#1"},
				"south": {"uv": [5.5, 3, 7.5, 4], "texture": "#1"},
				"west": {"uv": [5, 3, 6, 4], "texture": "#1"},
				"up": {"uv": [5, 7, 7, 8], "texture": "#1"},
				"down": {"uv": [5.5, 3, 7.5, 4], "texture": "#1"}
			}
		},
		{
			"name": "Straw",
			"from": [7, 10.15, 3],
			"to": [9, 10.4, 4],
			"faces": {
				"north": {"uv": [5.5, 3, 7.5, 4], "texture": "#1"},
				"east": {"uv": [5, 7, 6, 8], "texture": "#1"},
				"south": {"uv": [5.5, 3, 7.5, 4], "texture": "#1"},
				"west": {"uv": [5, 3, 6, 4], "texture": "#1"},
				"up": {"uv": [5, 7, 7, 8], "texture": "#1"},
				"down": {"uv": [5.5, 3, 7.5, 4], "texture": "#1"}
			}
		}
	],
	"display": {
		"thirdperson_righthand": {
			"rotation": [0, 0, 0],
			"translation": [0, 0, 0],
			"scale": [0.85, 0.85, 0.85]
		},
		"thirdperson_lefthand": {
			"rotation": [0, 0, 0],
			"translation": [0, 0, 0]
		},
		"firstperson_lefthand": {
			"rotation": [0, 0, 0],
			"translation": [0, 0, 0],
			"scale": [0.2, 0.2, 0.2]
		},
		"gui": {
			"rotation": [30, 35, 0],
			"translation": [0, -4, 0],
			"scale": [0.5, 0.5, 0.5]
		},
		"head": {
			"rotation": [0, 90, 0],
			"translation": [0, -15, 0],
			"scale": [2.3, 2.3, 2.3]
		},
		"fixed": {
			"rotation": [0, 0, 0],
			"translation": [0, -4, 0],
			"scale": [0.5, 0.5, 0.5]
		}
	}
}