{
	"credit": "Made with Blockbench, a free, modern block model editor by JannisX11",
	"textures": {
		"0": "block/birch_planks",
		"1": "block/birch_trapdoor",
		"particle": "block/birch_trapdoor"
	},
	"elements": [
		{
			"name": "Leg_top3",
			"from": [2, 10.5, 12],
			"to": [4, 22.5, 14],
			"faces": {
				"north": {"uv": [0, 0, 2, 12], "texture": "#0"},
				"east": {"uv": [0, 0, 2, 12], "texture": "#0"},
				"south": {"uv": [0, 0, 2, 12], "texture": "#0"},
				"west": {"uv": [0, 0, 2, 12], "texture": "#0"},
				"up": {"uv": [0, 0, 2, 2], "texture": "#0"},
				"down": {"uv": [0, 0, 2, 2], "texture": "#0"}
			}
		},
		{
			"name": "Leg_top4",
			"from": [12, 10.5, 12],
			"to": [14, 22.5, 14],
			"faces": {
				"north": {"uv": [0, 0, 2, 12], "texture": "#0"},
				"east": {"uv": [0, 0, 2, 12], "texture": "#0"},
				"south": {"uv": [0, 0, 2, 12], "texture": "#0"},
				"west": {"uv": [0, 0, 2, 12], "texture": "#0"},
				"up": {"uv": [0, 0, 2, 2], "texture": "#0"},
				"down": {"uv": [0, 0, 2, 2], "texture": "#0"}
			}
		},
		{
			"name": "Top Plank1-2",
			"from": [11.75, 22.5, 11.75],
			"to": [14.25, 23, 14.25],
			"faces": {
				"north": {"uv": [9, 4.5, 11, 5], "texture": "#0"},
				"east": {"uv": [9, 4.5, 11, 5], "texture": "#0"},
				"south": {"uv": [9, 4.5, 11, 5], "texture": "#0"},
				"west": {"uv": [9, 4.5, 11, 5], "texture": "#0"},
				"up": {"uv": [0, 0, 2, 2], "texture": "#0"},
				"down": {"uv": [0, 0, 2, 0.5], "texture": "#0"}
			}
		},
		{
			"name": "Seat3",
			"from": [12, 9, 1],
			"to": [14, 10.5, 14],
			"faces": {
				"north": {"uv": [3.25, 5.25, 5.25, 6.75], "texture": "#0"},
				"east": {"uv": [1, 1.25, 14, 2.75], "texture": "#0"},
				"south": {"uv": [5, 1.25, 7, 2.75], "texture": "#0"},
				"west": {"uv": [1, 5.25, 14, 6.75], "texture": "#0"},
				"up": {"uv": [4, 1, 6, 14], "texture": "#0"},
				"down": {"uv": [0, 0, 2, 13], "texture": "#0"}
			}
		},
		{
			"name": "Seat2",
			"from": [2, 9, 1],
			"to": [4, 10.5, 14],
			"faces": {
				"north": {"uv": [4, 5.25, 6, 6.75], "texture": "#0"},
				"east": {"uv": [0, 8.25, 13, 9.75], "texture": "#0"},
				"south": {"uv": [0, 0.25, 2, 1.75], "texture": "#0"},
				"west": {"uv": [2, 9.25, 15, 10.75], "texture": "#0"},
				"up": {"uv": [4, 1, 6, 14], "texture": "#0"},
				"down": {"uv": [0, 0, 2, 13], "texture": "#0"}
			}
		},
		{
			"name": "Seat4",
			"from": [4, 9, 1],
			"to": [12, 10.5, 3],
			"faces": {
				"north": {"uv": [4, 2.25, 12.5, 3.75], "texture": "#0"},
				"east": {"uv": [0, 0, 2, 1.5], "texture": "#0"},
				"south": {"uv": [0.5, 0.25, 9, 1.75], "texture": "#0"},
				"west": {"uv": [0, 0, 2, 1.5], "texture": "#0"},
				"up": {"uv": [2.5, 8, 11, 10], "texture": "#0"},
				"down": {"uv": [5.5, 2, 14, 4], "texture": "#0"}
			}
		},
		{
			"name": "Seat5",
			"from": [4, 9, 12],
			"to": [12, 10.5, 14],
			"faces": {
				"north": {"uv": [5, 8.25, 13, 9.75], "texture": "#0"},
				"east": {"uv": [0, 0, 2, 1.5], "texture": "#0"},
				"south": {"uv": [3, 9.25, 11, 10.75], "texture": "#0"},
				"west": {"uv": [0, 0, 2, 1.5], "texture": "#0"},
				"up": {"uv": [3, 8, 11, 10], "texture": "#0"},
				"down": {"uv": [5, 8, 13, 10], "texture": "#0"}
			}
		},
		{
			"name": "Top Plank1-3",
			"from": [1.75, 22.5, 11.75],
			"to": [4.25, 23, 14.25],
			"faces": {
				"north": {"uv": [9, 4.5, 11, 5], "texture": "#0"},
				"east": {"uv": [9, 4.5, 11, 5], "texture": "#0"},
				"south": {"uv": [9, 4.5, 11, 5], "texture": "#0"},
				"west": {"uv": [9, 4.5, 11, 5], "texture": "#0"},
				"up": {"uv": [0, 0, 2, 2], "texture": "#0"},
				"down": {"uv": [0, 0, 2, 0.5], "texture": "#0"}
			}
		},
		{
			"name": "Leg_top1",
			"from": [12.25, 1.25, 1.25],
			"to": [14, 9, 3],
			"faces": {
				"north": {"uv": [0, 0, 1.75, 7.75], "texture": "#0"},
				"east": {"uv": [0, 0, 1.75, 7.75], "texture": "#0"},
				"south": {"uv": [0, 0, 1.75, 7.75], "texture": "#0"},
				"west": {"uv": [0, 0, 1.75, 7.75], "texture": "#0"},
				"down": {"uv": [0, 0, 1.75, 1.75], "texture": "#0"}
			}
		},
		{
			"name": "Leg_Bot1",
			"from": [12.15, -0.25, 1.15],
			"to": [14.1, 1.25, 3.1],
			"faces": {
				"north": {"uv": [5, 3, 7, 5], "texture": "#0"},
				"east": {"uv": [11, 3, 13, 5], "texture": "#0"},
				"south": {"uv": [9, 3, 11, 5], "texture": "#0"},
				"west": {"uv": [7, 3, 9, 5], "texture": "#0"},
				"up": {"uv": [5, 3, 7, 5], "texture": "#0"},
				"down": {"uv": [5, 3, 7, 5], "texture": "#0"}
			}
		},
		{
			"name": "Leg_top2",
			"from": [12.25, 1.25, 12.25],
			"to": [14, 9, 14],
			"faces": {
				"north": {"uv": [0, 0, 1.75, 7.75], "texture": "#0"},
				"east": {"uv": [0, 0, 1.75, 7.75], "texture": "#0"},
				"south": {"uv": [0, 0, 1.75, 7.75], "texture": "#0"},
				"west": {"uv": [0, 0, 1.75, 7.75], "texture": "#0"},
				"down": {"uv": [0, 0, 1.75, 1.75], "texture": "#0"}
			}
		},
		{
			"name": "Leg_Bot2",
			"from": [12.15, -0.25, 12.15],
			"to": [14.1, 1.25, 14.1],
			"faces": {
				"north": {"uv": [5, 3, 7, 5], "texture": "#0"},
				"east": {"uv": [11, 3, 13, 5], "texture": "#0"},
				"south": {"uv": [9, 3, 11, 5], "texture": "#0"},
				"west": {"uv": [7, 3, 9, 5], "texture": "#0"},
				"up": {"uv": [5, 3, 7, 5], "texture": "#0"},
				"down": {"uv": [5, 3, 7, 5], "texture": "#0"}
			}
		},
		{
			"name": "Leg_top3",
			"from": [2, 1.25, 12.25],
			"to": [3.75, 9, 14],
			"faces": {
				"north": {"uv": [0, 0, 1.75, 7.75], "texture": "#0"},
				"east": {"uv": [0, 0, 1.75, 7.75], "texture": "#0"},
				"south": {"uv": [0, 0, 1.75, 7.75], "texture": "#0"},
				"west": {"uv": [0, 0, 1.75, 7.75], "texture": "#0"},
				"down": {"uv": [0, 0, 1.75, 1.75], "texture": "#0"}
			}
		},
		{
			"name": "Leg_Bot3",
			"from": [1.9, -0.25, 12.15],
			"to": [3.85, 1.25, 14.1],
			"faces": {
				"north": {"uv": [5, 3, 7, 5], "texture": "#0"},
				"east": {"uv": [11, 3, 13, 5], "texture": "#0"},
				"south": {"uv": [9, 3, 11, 5], "texture": "#0"},
				"west": {"uv": [7, 3, 9, 5], "texture": "#0"},
				"up": {"uv": [5, 3, 7, 5], "texture": "#0"},
				"down": {"uv": [5, 3, 7, 5], "texture": "#0"}
			}
		},
		{
			"name": "Leg_top4",
			"from": [2, 1.25, 1.25],
			"to": [3.75, 9, 3],
			"faces": {
				"north": {"uv": [0, 0, 1.75, 7.75], "texture": "#0"},
				"east": {"uv": [0, 0, 1.75, 7.75], "texture": "#0"},
				"south": {"uv": [0, 0, 1.75, 7.75], "texture": "#0"},
				"west": {"uv": [0, 0, 1.75, 7.75], "texture": "#0"},
				"down": {"uv": [0, 0, 1.75, 1.75], "texture": "#0"}
			}
		},
		{
			"name": "Leg_Bot4",
			"from": [1.9, -0.25, 1.15],
			"to": [3.85, 1.25, 3.1],
			"faces": {
				"north": {"uv": [5, 3, 7, 5], "texture": "#0"},
				"east": {"uv": [11, 3, 13, 5], "texture": "#0"},
				"south": {"uv": [9, 3, 11, 5], "texture": "#0"},
				"west": {"uv": [7, 3, 9, 5], "texture": "#0"},
				"up": {"uv": [5, 3, 7, 5], "texture": "#0"},
				"down": {"uv": [5, 3, 7, 5], "texture": "#0"}
			}
		},
		{
			"name": "Seat6",
			"from": [3.75, 19.5, 13],
			"to": [12.25, 21.5, 13.5],
			"faces": {
				"north": {"uv": [3.75, 8, 12.25, 10], "texture": "#0"},
				"east": {"uv": [0, 0, 0.5, 2], "texture": "#0"},
				"south": {"uv": [0, 0, 8.5, 2], "texture": "#0"},
				"west": {"uv": [0, 0, 0.5, 2], "texture": "#0"},
				"up": {"uv": [0, 0, 8.5, 0.5], "texture": "#0"},
				"down": {"uv": [0, 0, 8.5, 0.5], "texture": "#0"}
			}
		},
		{
			"name": "Seat7",
			"from": [3.75, 15.25, 13],
			"to": [12.25, 17.25, 13.5],
			"faces": {
				"north": {"uv": [3.75, 4, 12.25, 6], "texture": "#0"},
				"east": {"uv": [0, 0, 0.5, 2], "texture": "#0"},
				"south": {"uv": [0, 0, 8.5, 2], "texture": "#0"},
				"west": {"uv": [0, 0, 0.5, 2], "texture": "#0"},
				"up": {"uv": [0, 0, 8.5, 0.5], "texture": "#0"},
				"down": {"uv": [0, 0, 8.5, 0.5], "texture": "#0"}
			}
		},
		{
			"name": "Middle",
			"from": [3.75, 9.25, 3],
			"to": [12.25, 10.25, 12],
			"faces": {
				"north": {"uv": [0, 0, 8, 1.5], "texture": "#1"},
				"east": {"uv": [0, 0, 9, 1.5], "texture": "#1"},
				"south": {"uv": [0, 0, 8, 1.5], "texture": "#1"},
				"west": {"uv": [0, 0, 9, 1.5], "texture": "#1"},
				"up": {"uv": [4, 3, 12, 12], "texture": "#1"},
				"down": {"uv": [4, 3, 12, 12], "texture": "#1"}
			}
		},
		{
			"name": "Beam",
			"from": [11.25, 7.5, 1.5],
			"to": [12.25, 8, 2.75],
			"faces": {
				"north": {"uv": [4, 4, 5, 4.5], "texture": "#0"},
				"east": {"uv": [0, 0, 1.25, 0.5], "texture": "#0"},
				"south": {"uv": [0, 0, 1, 0.5], "texture": "#0"},
				"west": {"uv": [0, 0, 1, 0.5], "texture": "#0"},
				"up": {"uv": [3, 4, 4, 5], "texture": "#0"},
				"down": {"uv": [4, 4, 5, 5], "texture": "#0"}
			}
		},
		{
			"name": "Beam",
			"from": [9.75, 8, 1.5],
			"to": [11.25, 8.5, 2.75],
			"faces": {
				"north": {"uv": [4, 4, 5, 4.5], "texture": "#0"},
				"east": {"uv": [0, 0, 1.25, 0.5], "texture": "#0"},
				"south": {"uv": [3, 5, 4, 5.5], "texture": "#0"},
				"west": {"uv": [0, 0, 1, 0.5], "texture": "#0"},
				"up": {"uv": [0, 0, 1.5, 1.25], "texture": "#0"},
				"down": {"uv": [0, 0, 1, 1.25], "texture": "#0"}
			}
		},
		{
			"name": "Beam",
			"from": [6.25, 8.5, 1.5],
			"to": [9.75, 9, 2.75],
			"faces": {
				"north": {"uv": [6, 6, 9.5, 6.5], "texture": "#0"},
				"east": {"uv": [0, 0, 1.25, 0.5], "texture": "#0"},
				"south": {"uv": [8.5, 6, 12, 6.5], "texture": "#0"},
				"west": {"uv": [0, 0, 1, 0.5], "texture": "#0"},
				"up": {"uv": [3, 4, 4, 5], "texture": "#0"},
				"down": {"uv": [2.5, 0, 6, 1], "texture": "#0"}
			}
		},
		{
			"name": "Beam",
			"from": [4.75, 8, 1.5],
			"to": [6.25, 8.5, 2.75],
			"faces": {
				"north": {"uv": [7, 4, 8, 4.5], "texture": "#0"},
				"east": {"uv": [0, 0, 1, 0.5], "texture": "#0"},
				"south": {"uv": [0, 0, 1, 0.5], "texture": "#0"},
				"west": {"uv": [0, 0, 1, 0.5], "texture": "#0"},
				"up": {"uv": [7, 4, 8, 5], "texture": "#0"},
				"down": {"uv": [4, 4, 5, 5], "texture": "#0"}
			}
		},
		{
			"name": "Beam",
			"from": [3.75, 7.5, 1.5],
			"to": [4.75, 8, 2.75],
			"faces": {
				"north": {"uv": [4, 4, 5, 4.5], "texture": "#0"},
				"east": {"uv": [0, 0, 1, 0.5], "texture": "#0"},
				"south": {"uv": [0, 0, 1, 0.5], "texture": "#0"},
				"west": {"uv": [0, 0, 1, 0.5], "texture": "#0"},
				"up": {"uv": [3, 4, 4, 5], "texture": "#0"},
				"down": {"uv": [4, 4, 5, 5], "texture": "#0"}
			}
		},
		{
			"name": "Beam",
			"from": [11.25, 7.5, 12.5],
			"to": [12.25, 8, 13.75],
			"faces": {
				"north": {"uv": [4, 4, 5, 4.5], "texture": "#0"},
				"east": {"uv": [0, 0, 1.25, 0.5], "texture": "#0"},
				"south": {"uv": [0, 0, 1, 0.5], "texture": "#0"},
				"west": {"uv": [0, 0, 1, 0.5], "texture": "#0"},
				"up": {"uv": [3, 4, 4, 5], "texture": "#0"},
				"down": {"uv": [4, 4, 5, 5], "texture": "#0"}
			}
		},
		{
			"name": "Beam",
			"from": [9.75, 8, 12.5],
			"to": [11.25, 8.5, 13.75],
			"faces": {
				"north": {"uv": [4, 4, 5, 4.5], "texture": "#0"},
				"east": {"uv": [0, 0, 1.25, 0.5], "texture": "#0"},
				"south": {"uv": [3, 4, 4, 4.5], "texture": "#0"},
				"west": {"uv": [0, 0, 1, 0.5], "texture": "#0"},
				"up": {"uv": [0, 0, 1.5, 1.25], "texture": "#0"},
				"down": {"uv": [0, 0, 1, 1.25], "texture": "#0"}
			}
		},
		{
			"name": "Beam",
			"from": [6.25, 8.5, 12.5],
			"to": [9.75, 9, 13.75],
			"faces": {
				"north": {"uv": [5.5, 6, 9, 6.5], "texture": "#0"},
				"east": {"uv": [0, 0, 1.25, 0.5], "texture": "#0"},
				"south": {"uv": [8.5, 4, 12, 4.5], "texture": "#0"},
				"west": {"uv": [0, 0, 1, 0.5], "texture": "#0"},
				"up": {"uv": [3, 4, 4, 5], "texture": "#0"},
				"down": {"uv": [7.5, 6, 11, 7], "texture": "#0"}
			}
		},
		{
			"name": "Beam",
			"from": [4.75, 8, 12.5],
			"to": [6.25, 8.5, 13.75],
			"faces": {
				"north": {"uv": [7, 4, 8, 4.5], "texture": "#0"},
				"east": {"uv": [0, 0, 1, 0.5], "texture": "#0"},
				"south": {"uv": [0, 0, 1, 0.5], "texture": "#0"},
				"west": {"uv": [0, 0, 1, 0.5], "texture": "#0"},
				"up": {"uv": [7, 4, 8, 5], "texture": "#0"},
				"down": {"uv": [4, 4, 5, 5], "texture": "#0"}
			}
		},
		{
			"name": "Beam",
			"from": [3.75, 7.5, 12.5],
			"to": [4.75, 8, 13.75],
			"faces": {
				"north": {"uv": [4, 4, 5, 4.5], "texture": "#0"},
				"east": {"uv": [0, 0, 1, 0.5], "texture": "#0"},
				"south": {"uv": [0, 0, 1, 0.5], "texture": "#0"},
				"west": {"uv": [0, 0, 1, 0.5], "texture": "#0"},
				"up": {"uv": [3, 4, 4, 5], "texture": "#0"},
				"down": {"uv": [4, 4, 5, 5], "texture": "#0"}
			}
		},
		{
			"name": "Beam",
			"from": [2.25, 7.5, 3],
			"to": [3.5, 8, 4],
			"faces": {
				"north": {"uv": [4, 1, 5, 2], "texture": "#0"},
				"east": {"uv": [4, 1, 5, 2], "texture": "#0"},
				"south": {"uv": [4, 1, 5, 2], "texture": "#0"},
				"west": {"uv": [4, 1, 5, 2], "texture": "#0"},
				"up": {"uv": [4, 1, 5, 2], "texture": "#0"},
				"down": {"uv": [4, 1, 5, 2], "texture": "#0"}
			}
		},
		{
			"name": "Beam",
			"from": [2.25, 7.5, 11.25],
			"to": [3.5, 8, 12.25],
			"faces": {
				"north": {"uv": [0, 0, 1, 0.5], "texture": "#0"},
				"east": {"uv": [0, 0, 1, 0.5], "texture": "#0"},
				"south": {"uv": [0, 0, 1, 0.5], "texture": "#0"},
				"west": {"uv": [0, 0, 1, 0.5], "texture": "#0"},
				"up": {"uv": [0, 0, 1, 1], "texture": "#0"},
				"down": {"uv": [0, 0, 1, 1], "texture": "#0"}
			}
		},
		{
			"name": "Beam",
			"from": [2.25, 8, 9.75],
			"to": [3.5, 8.5, 11.25],
			"faces": {
				"north": {"uv": [3, 4, 4, 4.5], "texture": "#0"},
				"east": {"uv": [3, 4, 4, 4.5], "texture": "#0"},
				"south": {"uv": [3, 4, 4, 4.5], "texture": "#0"},
				"west": {"uv": [3, 4, 4, 4.5], "texture": "#0"},
				"up": {"uv": [3, 4, 4, 4.5], "texture": "#0"},
				"down": {"uv": [3, 4, 4, 4.5], "texture": "#0"}
			}
		},
		{
			"name": "Beam",
			"from": [2.25, 8, 4],
			"to": [3.5, 8.5, 5.5],
			"faces": {
				"north": {"uv": [4, 5, 5, 6], "texture": "#0"},
				"east": {"uv": [4, 5, 5, 6], "texture": "#0"},
				"south": {"uv": [4, 5, 5, 6], "texture": "#0"},
				"west": {"uv": [4, 5, 5, 6], "texture": "#0"},
				"up": {"uv": [4, 5, 5, 6], "texture": "#0"},
				"down": {"uv": [4, 5, 5, 6], "texture": "#0"}
			}
		},
		{
			"name": "Beam",
			"from": [2.25, 8.5, 5.5],
			"to": [3.5, 9, 7],
			"faces": {
				"north": {"uv": [8, 5, 9, 6], "texture": "#0"},
				"east": {"uv": [8, 5, 9, 6], "texture": "#0"},
				"south": {"uv": [8, 5, 9, 6], "texture": "#0"},
				"west": {"uv": [8, 5, 9, 6], "texture": "#0"},
				"up": {"uv": [8, 5, 9, 6], "texture": "#0"},
				"down": {"uv": [8, 5, 9, 6], "texture": "#0"}
			}
		},
		{
			"name": "Beam",
			"from": [2.25, 8.5, 8.25],
			"to": [3.5, 9, 9.75],
			"faces": {
				"north": {"uv": [7, 5, 8, 6], "texture": "#0"},
				"east": {"uv": [7, 5, 8, 6], "texture": "#0"},
				"south": {"uv": [7, 5, 8, 6], "texture": "#0"},
				"west": {"uv": [7, 5, 8, 6], "texture": "#0"},
				"up": {"uv": [7, 5, 8, 6], "texture": "#0"},
				"down": {"uv": [7, 5, 8, 6], "texture": "#0"}
			}
		},
		{
			"name": "Beam",
			"from": [12.5, 8.5, 5.5],
			"to": [13.75, 9, 7],
			"faces": {
				"north": {"uv": [8, 5, 9, 6], "texture": "#0"},
				"east": {"uv": [8, 5, 9, 6], "texture": "#0"},
				"south": {"uv": [8, 5, 9, 6], "texture": "#0"},
				"west": {"uv": [8, 5, 9, 6], "texture": "#0"},
				"up": {"uv": [8, 5, 9, 6], "texture": "#0"},
				"down": {"uv": [8, 5, 9, 6], "texture": "#0"}
			}
		},
		{
			"name": "Beam",
			"from": [12.5, 8, 4],
			"to": [13.75, 8.5, 5.5],
			"faces": {
				"north": {"uv": [4, 5, 5, 6], "texture": "#0"},
				"east": {"uv": [4, 5, 5, 6], "texture": "#0"},
				"south": {"uv": [4, 5, 5, 6], "texture": "#0"},
				"west": {"uv": [4, 5, 5, 6], "texture": "#0"},
				"up": {"uv": [4, 5, 5, 6], "texture": "#0"},
				"down": {"uv": [4, 5, 5, 6], "texture": "#0"}
			}
		},
		{
			"name": "Beam",
			"from": [12.5, 7.5, 3],
			"to": [13.75, 8, 4],
			"faces": {
				"north": {"uv": [4, 1, 5, 2], "texture": "#0"},
				"east": {"uv": [4, 1, 5, 2], "texture": "#0"},
				"south": {"uv": [4, 1, 5, 2], "texture": "#0"},
				"west": {"uv": [4, 1, 5, 2], "texture": "#0"},
				"up": {"uv": [4, 1, 5, 2], "texture": "#0"},
				"down": {"uv": [4, 1, 5, 2], "texture": "#0"}
			}
		},
		{
			"name": "Beam",
			"from": [12.5, 8, 9.75],
			"to": [13.75, 8.5, 11.25],
			"faces": {
				"north": {"uv": [3, 4, 4, 4.5], "texture": "#0"},
				"east": {"uv": [3, 4, 4, 4.5], "texture": "#0"},
				"south": {"uv": [3, 4, 4, 4.5], "texture": "#0"},
				"west": {"uv": [3, 4, 4, 4.5], "texture": "#0"},
				"up": {"uv": [3, 4, 4, 4.5], "texture": "#0"},
				"down": {"uv": [3, 4, 4, 4.5], "texture": "#0"}
			}
		},
		{
			"name": "Beam",
			"from": [12.5, 7.5, 11.25],
			"to": [13.75, 8, 12.25],
			"faces": {
				"north": {"uv": [0, 0, 1, 0.5], "texture": "#0"},
				"east": {"uv": [0, 0, 1, 0.5], "texture": "#0"},
				"south": {"uv": [0, 0, 1, 0.5], "texture": "#0"},
				"west": {"uv": [0, 0, 1, 0.5], "texture": "#0"},
				"up": {"uv": [0, 0, 1, 1], "texture": "#0"},
				"down": {"uv": [0, 0, 1, 1], "texture": "#0"}
			}
		},
		{
			"name": "Beam",
			"from": [12.5, 8.5, 8.25],
			"to": [13.75, 9, 9.75],
			"faces": {
				"north": {"uv": [7, 5, 8, 6], "texture": "#0"},
				"east": {"uv": [7, 5, 8, 6], "texture": "#0"},
				"south": {"uv": [7, 5, 8, 6], "texture": "#0"},
				"west": {"uv": [7, 5, 8, 6], "texture": "#0"},
				"up": {"uv": [7, 5, 8, 6], "texture": "#0"},
				"down": {"uv": [7, 5, 8, 6], "texture": "#0"}
			}
		}
	],
	"display": {
		"thirdperson_righthand": {
			"rotation": [45, 0, 0],
			"translation": [0, 1, 0],
			"scale": [0.35, 0.35, 0.35]
		},
		"thirdperson_lefthand": {
			"rotation": [45, 0, 0],
			"translation": [0, 1, 0],
			"scale": [0.35, 0.35, 0.35] 
		},
        "firstperson_righthand": {
			"rotation": [-10, 15, 0],
			"translation": [1, 0, 0],
			"scale": [0.4, 0.4, 0.4]
		},
		"firstperson_lefthand": {
			"rotation": [-10, 15, 0],
			"translation": [1, 0, 0],
			"scale": [0.4, 0.4, 0.4]
		},
		"gui": {
			"rotation": [35, -135, 0],
			"translation": [0, -2, 0],
			"scale": [0.5, 0.5, 0.5]
		},
		"head": {
			"rotation": [0, 90, 0],
			"translation": [0, -48.5, 0],
			"scale": [2.3, 2.3, 2.3]
        },
        "ground": {
			"rotation": [0, 0, 0],
			"translation": [0, 1, 0],
			"scale": [0.3, 0.3, 0.3]
		},
		"fixed": {
			"rotation": [0, 0, 0],
			"translation": [0, -3.5, -4.1],
			"scale": [0.8, 0.8, 0.8]
		}
    }
}