{
	"credit": "Made with Blockbench, a free, modern block model editor by JannisX11",
	"textures": {
		"0": "block/warped_planks"
	},
	"elements": [
		{
			"name": "Leg_Bot1",
			"from": [2.1, 0, 1.6],
			"to": [3.9, 1.5, 3.4],
			"faces": {
				"north": {"uv": [0, 0, 1.8, 1.5], "texture": "#0"},
				"east": {"uv": [1, 0, 2.8, 1.5], "texture": "#0"},
				"south": {"uv": [2, 0, 3.8, 1.5], "texture": "#0"},
				"west": {"uv": [4, 0, 5.8, 1.5], "texture": "#0"},
				"up": {"uv": [10, 5, 11.8, 6.8], "texture": "#0"},
				"down": {"uv": [0, 0, 1.8, 1.8], "texture": "#0"}
			}
		},
		{
			"name": "Leg_Bot2",
			"from": [12.1, 0, 1.6],
			"to": [13.9, 1.5, 3.4],
			"faces": {
				"north": {"uv": [2, 0, 3.8, 1.5], "texture": "#0"},
				"east": {"uv": [2, 0, 3.8, 1.5], "texture": "#0"},
				"south": {"uv": [0, 0, 1.8, 1.5], "texture": "#0"},
				"west": {"uv": [3, 0, 4.8, 1.5], "texture": "#0"},
				"up": {"uv": [1, 2, 2.8, 3.8], "texture": "#0"},
				"down": {"uv": [0, 0, 1.8, 1.8], "texture": "#0"}
			}
		},
		{
			"name": "Leg_Bot3",
			"from": [1.6, 0, 12.6],
			"to": [3.4, 1.5, 14.4],
			"faces": {
				"north": {"uv": [5, 5, 6.8, 6.5], "texture": "#0"},
				"east": {"uv": [9, 2, 10.8, 3.5], "texture": "#0"},
				"south": {"uv": [4, 2, 5.8, 3.5], "texture": "#0"},
				"west": {"uv": [6, 1, 7.8, 2.5], "texture": "#0"},
				"up": {"uv": [7, 8, 8.8, 9.8], "texture": "#0"},
				"down": {"uv": [0, 0, 1.8, 1.8], "texture": "#0"}
			}
		},
		{
			"name": "Leg_Bot4",
			"from": [12.6, 0, 12.6],
			"to": [14.4, 1.5, 14.4],
			"faces": {
				"north": {"uv": [8, 0, 9.8, 1.5], "texture": "#0"},
				"east": {"uv": [5, 0, 6.8, 1.5], "texture": "#0"},
				"south": {"uv": [6, 0, 7.8, 1.5], "texture": "#0"},
				"west": {"uv": [4, 0, 5.8, 1.5], "texture": "#0"},
				"up": {"uv": [4, 10, 5.8, 11.8], "texture": "#0"},
				"down": {"uv": [0, 0, 1.8, 1.8], "texture": "#0"}
			}
		},
		{
			"name": "Leg_main1",
			"from": [2.15, 1, 1.7],
			"to": [3.8, 9, 3.35],
			"faces": {
				"north": {"uv": [2.25, 4, 3.9, 12], "texture": "#0"},
				"east": {"uv": [7, 4, 8.65, 12], "texture": "#0"},
				"south": {"uv": [6, 4, 7.65, 12], "texture": "#0"},
				"west": {"uv": [4, 4, 5.65, 12], "texture": "#0"},
				"up": {"uv": [0, 0, 1.65, 1.65], "texture": "#0"},
				"down": {"uv": [0, 0, 1.65, 1.65], "texture": "#0"}
			}
		},
		{
			"name": "Leg_main2",
			"from": [12.2, 1, 1.65],
			"to": [13.85, 9, 3.3],
			"faces": {
				"north": {"uv": [1.25, 0, 3, 8], "texture": "#0"},
				"east": {"uv": [6.75, 0, 8.4, 8], "texture": "#0"},
				"south": {"uv": [4.75, 0, 6.4, 8], "texture": "#0"},
				"west": {"uv": [3, 0, 4.65, 8], "texture": "#0"},
				"up": {"uv": [0, 0, 1.65, 1.65], "texture": "#0"},
				"down": {"uv": [0, 0, 1.65, 1.65], "texture": "#0"}
			}
		},
		{
			"name": "Leg_main3",
			"from": [12.8, 1, 12.8],
			"to": [14.2, 13, 14.2],
			"faces": {
				"north": {"uv": [1, 0, 2.4, 12], "texture": "#0"},
				"east": {"uv": [9, 0, 10.4, 12], "texture": "#0"},
				"south": {"uv": [4, 0, 5.4, 12], "texture": "#0"},
				"west": {"uv": [3, 4, 4.4, 16], "texture": "#0"},
				"up": {"uv": [0, 0, 1.4, 1.4], "texture": "#0"},
				"down": {"uv": [0, 0, 1.4, 1.4], "texture": "#0"}
			}
		},
		{
			"name": "Leg_main4",
			"from": [1.8, 1, 12.8],
			"to": [3.2, 13.25, 14.2],
			"faces": {
				"north": {"uv": [0, 0, 1.4, 12.25], "texture": "#0"},
				"east": {"uv": [4.5, 0, 5.9, 12.25], "texture": "#0"},
				"south": {"uv": [3.5, 0, 4.9, 12.25], "texture": "#0"},
				"west": {"uv": [2, 0, 3.4, 12.25], "texture": "#0"},
				"up": {"uv": [0, 0, 1.4, 1.4], "texture": "#0"},
				"down": {"uv": [0, 0, 1.4, 1.4], "texture": "#0"}
			}
		},
		{
			"name": "Beam1",
			"from": [3, 5.6, 2],
			"to": [13, 6.6, 3],
			"faces": {
				"north": {"uv": [2, 2, 12, 3], "texture": "#0"},
				"east": {"uv": [0, 0, 1, 1], "texture": "#0"},
				"south": {"uv": [5, 9, 15, 10], "texture": "#0"},
				"west": {"uv": [0, 0, 1, 1], "texture": "#0"},
				"up": {"uv": [1, 4, 11, 5], "texture": "#0"},
				"down": {"uv": [1, 2, 11, 3], "texture": "#0"}
			}
		},
		{
			"name": "Beam2",
			"from": [3, 5.6, 13],
			"to": [13, 6.6, 14],
			"faces": {
				"north": {"uv": [5, 5, 15, 6], "texture": "#0"},
				"east": {"uv": [0, 0, 1, 1], "texture": "#0"},
				"south": {"uv": [2, 4, 12, 5], "texture": "#0"},
				"west": {"uv": [0, 0, 1, 1], "texture": "#0"},
				"up": {"uv": [0, 12, 10, 13], "texture": "#0"},
				"down": {"uv": [1, 2, 11, 3], "texture": "#0"}
			}
		},
		{
			"name": "Beam3",
			"from": [2.25, 6.6, 3.2],
			"to": [3.25, 7.6, 12.8],
			"faces": {
				"north": {"uv": [0, 0, 1, 1], "texture": "#0"},
				"east": {"uv": [0, 1, 9.6, 2], "texture": "#0"},
				"south": {"uv": [0, 0, 1, 1], "texture": "#0"},
				"west": {"uv": [3, 5, 12.6, 6], "texture": "#0"},
				"up": {"uv": [6, 1.5, 7, 11.1], "texture": "#0"},
				"down": {"uv": [0, 0, 1, 9.6], "texture": "#0"}
			}
		},
		{
			"name": "Beam4",
			"from": [12.75, 6.6, 3.2],
			"to": [13.75, 7.6, 12.8],
			"faces": {
				"north": {"uv": [0, 0, 1, 1], "texture": "#0"},
				"east": {"uv": [2.5, 4.5, 12.1, 5.5], "texture": "#0", "rotation": 180},
				"south": {"uv": [0, 0, 1, 1], "texture": "#0"},
				"west": {"uv": [2.5, 5, 12.1, 6], "texture": "#0"},
				"up": {"uv": [0.5, 2.5, 1.5, 12.1], "texture": "#0"},
				"down": {"uv": [0, 0, 1, 9.6], "texture": "#0"}
			}
		},
		{
			"name": "Seat",
			"from": [2.05, 9, 1],
			"to": [13.95, 10.5, 13.95],
			"faces": {
				"north": {"uv": [1, 3.5, 13.4, 5], "texture": "#0", "rotation": 180},
				"east": {"uv": [1, 3.5, 14.2, 5], "texture": "#0", "rotation": 180},
				"south": {"uv": [3, 2, 15.4, 3.5], "texture": "#0"},
				"west": {"uv": [2, 2, 15.2, 3.5], "texture": "#0"},
				"up": {"uv": [2, 1, 14.4, 14.2], "texture": "#0"},
				"down": {"uv": [2, 0.5, 14.4, 13.7], "texture": "#0"}
			}
		},
		{
			"name": "Back_leg1",
			"from": [12.8, 13.5, 12.8],
			"to": [14.2, 22.5, 14.2],
			"faces": {
				"north": {"uv": [3, 2, 4.4, 11], "texture": "#0"},
				"east": {"uv": [7, 2, 8.4, 11], "texture": "#0"},
				"south": {"uv": [12, 6, 13.4, 15], "texture": "#0"},
				"west": {"uv": [9, 6, 10.4, 15], "texture": "#0"},
				"up": {"uv": [7, 5, 8.4, 6.4], "texture": "#0"},
				"down": {"uv": [0, 0, 1.4, 1.4], "texture": "#0"}
			}
		},
		{
			"name": "Back_Leg2",
			"from": [1.8, 13.5, 12.8],
			"to": [3.2, 22.5, 14.2],
			"faces": {
				"north": {"uv": [8, 2, 9.4, 11], "texture": "#0"},
				"east": {"uv": [5, 2, 6.4, 11], "texture": "#0"},
				"south": {"uv": [5, 2, 6.4, 11], "texture": "#0"},
				"west": {"uv": [9, 2, 10.4, 11], "texture": "#0"},
				"up": {"uv": [7, 5, 8.4, 6.4], "texture": "#0"},
				"down": {"uv": [0, 0, 1.4, 1.4], "texture": "#0"}
			}
		},
		{
			"name": "BackPlank",
			"from": [1.7, 13, 12.7],
			"to": [14.3, 13.5, 14.3],
			"faces": {
				"north": {"uv": [1.1, 7, 13.5, 6.5], "texture": "#0"},
				"east": {"uv": [11, 3, 12.4, 2.5], "texture": "#0"},
				"south": {"uv": [1, 7, 13.4, 6.5], "texture": "#0"},
				"west": {"uv": [5, 11, 6.4, 11.5], "texture": "#0"},
				"up": {"uv": [1, 6, 13.4, 7.4], "texture": "#0"},
				"down": {"uv": [1, 2, 13.4, 3.4], "texture": "#0"}
			}
		},
		{
			"name": "BackColumn1",
			"from": [10.5, 13.5, 13],
			"to": [11.5, 22.2, 14],
			"faces": {
				"north": {"uv": [9, 6, 10, 15], "texture": "#0"},
				"east": {"uv": [8, 6, 9, 15], "texture": "#0"},
				"south": {"uv": [4, 6, 5, 15], "texture": "#0"},
				"west": {"uv": [5, 6, 6, 15], "texture": "#0"},
				"up": {"uv": [7, 5, 8, 6], "texture": "#0"},
				"down": {"uv": [0, 0, 1, 1], "texture": "#0"}
			}
		},
		{
			"name": "BackColumn2",
			"from": [4.5, 13.5, 13],
			"to": [5.5, 22.2, 14],
			"faces": {
				"north": {"uv": [7, 6, 8, 15], "texture": "#0"},
				"east": {"uv": [10, 6, 11, 15], "texture": "#0"},
				"south": {"uv": [1, 6, 2, 15], "texture": "#0"},
				"west": {"uv": [10, 6, 11, 15], "texture": "#0"},
				"up": {"uv": [7, 5, 8, 6], "texture": "#0"},
				"down": {"uv": [0, 0, 1, 1], "texture": "#0"}
			}
		},
		{
			"name": "BackColumn3",
			"from": [8.5, 13.4, 13],
			"to": [9.5, 22.2, 14],
			"faces": {
				"north": {"uv": [7, 6, 8, 15], "texture": "#0"},
				"east": {"uv": [10, 6, 11, 15], "texture": "#0"},
				"south": {"uv": [1, 6, 2, 15], "texture": "#0"},
				"west": {"uv": [10, 6, 11, 15], "texture": "#0"},
				"up": {"uv": [7, 5, 8, 6], "texture": "#0"},
				"down": {"uv": [0, 0, 1, 1], "texture": "#0"}
			}
		},
		{
			"name": "BackColumn4",
			"from": [6.5, 13.4, 13],
			"to": [7.5, 22.2, 14],
			"faces": {
				"north": {"uv": [6, 6, 7, 15], "texture": "#0"},
				"east": {"uv": [5, 6, 6, 15], "texture": "#0"},
				"south": {"uv": [9, 2, 10, 11], "texture": "#0"},
				"west": {"uv": [8, 6, 9, 15], "texture": "#0"},
				"up": {"uv": [7, 5, 8, 6], "texture": "#0"},
				"down": {"uv": [0, 0, 1, 1], "texture": "#0"}
			}
		},
		{
			"name": "Top Plank1-1",
			"from": [1.7, 22.5, 12.7],
			"to": [3.3, 23, 14.3],
			"faces": {
				"north": {"uv": [1.1, 7, 2.7, 7.5], "texture": "#0"},
				"east": {"uv": [11, 3, 12.6, 3.5], "texture": "#0"},
				"south": {"uv": [1, 7, 2.6, 7.5], "texture": "#0"},
				"west": {"uv": [5, 11, 6.6, 11.5], "texture": "#0"},
				"up": {"uv": [1, 6, 2.6, 7.6], "texture": "#0"},
				"down": {"uv": [1, 2, 2.6, 3.6], "texture": "#0"}
			}
		},
		{
			"name": "Top Plank1-2",
			"from": [12.7, 22.5, 12.7],
			"to": [14.3, 23, 14.3],
			"faces": {
				"north": {"uv": [1.1, 7, 2.7, 7.5], "texture": "#0"},
				"east": {"uv": [11, 3, 12.6, 3.5], "texture": "#0"},
				"south": {"uv": [1, 7, 2.6, 7.5], "texture": "#0"},
				"west": {"uv": [5, 11, 6.6, 11.5], "texture": "#0"},
				"up": {"uv": [1, 6, 2.6, 7.6], "texture": "#0"},
				"down": {"uv": [1, 2, 2.6, 3.6], "texture": "#0"}
			}
		},
		{
			"name": "Top PlankTop",
			"from": [3.2, 21.9, 12.7],
			"to": [12.8, 22.4, 14.3],
			"faces": {
				"north": {"uv": [1.1, 7, 2.9, 7.5], "texture": "#0"},
				"east": {"uv": [11, 3, 12.6, 3.5], "texture": "#0"},
				"south": {"uv": [1, 7, 2.8, 7.5], "texture": "#0"},
				"west": {"uv": [5, 11, 6.6, 11.5], "texture": "#0"},
				"up": {"uv": [1, 6, 2.8, 7.6], "texture": "#0"},
				"down": {"uv": [1, 2, 2.8, 3.6], "texture": "#0"}
			}
		},
		{
			"name": "Beam2",
			"from": [3, 7.6, 2],
			"to": [13, 8.6, 3],
			"faces": {
				"north": {"uv": [2, 2, 12, 3], "texture": "#0"},
				"east": {"uv": [0, 0, 1, 1], "texture": "#0"},
				"south": {"uv": [4.75, 5, 14.75, 6], "texture": "#0"},
				"west": {"uv": [0, 0, 1, 1], "texture": "#0"},
				"up": {"uv": [1, 4, 11, 5], "texture": "#0"},
				"down": {"uv": [1, 2, 11, 3], "texture": "#0"}
			}
		},
		{
			"name": "Beam3",
			"from": [3, 7.6, 13],
			"to": [13, 8.6, 14],
			"faces": {
				"north": {"uv": [2, 2, 12, 3], "texture": "#0"},
				"east": {"uv": [0, 0, 1, 1], "texture": "#0"},
				"south": {"uv": [1, 4.75, 11, 5.75], "texture": "#0"},
				"west": {"uv": [0, 0, 1, 1], "texture": "#0"},
				"up": {"uv": [1, 4, 11, 5], "texture": "#0"},
				"down": {"uv": [1, 2, 11, 3], "texture": "#0"}
			}
		}
	],
	"display": {
		"thirdperson_righthand": {
			"rotation": [45, 0, 0],
			"translation": [0, 1, 0],
			"scale": [0.35, 0.35, 0.35]
		},
		"thirdperson_lefthand": {
			"rotation": [45, 0, 0],
			"translation": [0, 1, 0],
			"scale": [0.35, 0.35, 0.35] 
		},
        "firstperson_righthand": {
			"rotation": [-10, 15, 0],
			"translation": [1, 0, 0],
			"scale": [0.4, 0.4, 0.4]
		},
		"firstperson_lefthand": {
			"rotation": [-10, 15, 0],
			"translation": [1, 0, 0],
			"scale": [0.4, 0.4, 0.4]
		},
		"gui": {
			"rotation": [35, -135, 0],
			"translation": [0, -2, 0],
			"scale": [0.5, 0.5, 0.5]
		},
		"head": {
			"rotation": [0, 90, 0],
			"translation": [0, -48.5, 0],
			"scale": [2.3, 2.3, 2.3]
        },
        "ground": {
			"rotation": [0, 0, 0],
			"translation": [0, 1, 0],
			"scale": [0.3, 0.3, 0.3]
		},
		"fixed": {
			"rotation": [0, 0, 0],
			"translation": [0, -3.5, -4.1],
			"scale": [0.8, 0.8, 0.8]
		}
	}
}