{
	"credit": "Made with Blockbench, a free, modern block model editor by JannisX11",
	"textures": {
		"0": "block/crimson_planks"
	},
	"elements": [
		{
			"name": "Surface2",
			"from": [0.75, 10.75, 0.75],
			"to": [15.25, 12.75, 15.25],
			"faces": {
				"north": {"uv": [0.5, 0.5, 15, 2.5], "texture": "#0", "rotation": 180},
				"east": {"uv": [0.5, 9, 15, 11], "texture": "#0"},
				"south": {"uv": [1, 0, 15.5, 2], "texture": "#0"},
				"west": {"uv": [0.5, 4, 15, 6], "texture": "#0"}
			}
		},
		{
			"name": "Leg 1",
			"from": [13, 1.25, 13],
			"to": [15, 9, 15],
			"faces": {
				"north": {"uv": [6, 3, 8, 10.75], "texture": "#0"},
				"east": {"uv": [4, 3, 6, 10.75], "texture": "#0"},
				"south": {"uv": [10, 3, 12, 10.75], "texture": "#0"},
				"west": {"uv": [8, 3, 10, 10.75], "texture": "#0"}
			}
		},
		{
			"name": "Top Leg 1",
			"from": [12.75, 9, 12.75],
			"to": [15.25, 10.75, 15.25],
			"faces": {
				"north": {"uv": [9, 2, 11, 4], "texture": "#0"},
				"east": {"uv": [8, 2, 10, 4], "texture": "#0"},
				"south": {"uv": [7, 2, 9, 4], "texture": "#0"},
				"west": {"uv": [11, 2, 13, 4], "texture": "#0"},
				"up": {"uv": [14, 10, 16, 12], "texture": "#0"},
				"down": {"uv": [6, 11, 8, 13], "texture": "#0"}
			}
		},
		{
			"name": "Leg Foot 1",
			"from": [12.9, -0.25, 12.9],
			"to": [15.1, 1.25, 15.1],
			"faces": {
				"north": {"uv": [7, 3.5, 9, 5], "texture": "#0"},
				"east": {"uv": [6, 3.5, 8, 5], "texture": "#0"},
				"south": {"uv": [7, 3.5, 9, 5], "texture": "#0"},
				"west": {"uv": [6, 3.5, 8, 5], "texture": "#0"},
				"up": {"uv": [7, 3, 9, 5], "texture": "#0"},
				"down": {"uv": [7, 4, 9, 5.5], "texture": "#0"}
			}
		},
		{
			"name": "Dec4-3",
			"from": [3, 8.5, 13.25],
			"to": [13, 9, 14.75],
			"faces": {
				"north": {"uv": [3.5, 3, 13.5, 3.5], "texture": "#0"},
				"east": {"uv": [0, 0, 1.5, 0.5], "texture": "#0"},
				"south": {"uv": [2.5, 4.5, 12.5, 5], "texture": "#0"},
				"west": {"uv": [0, 0, 1.5, 0.5], "texture": "#0"},
				"up": {"uv": [2.5, 3.5, 12.5, 5], "texture": "#0"},
				"down": {"uv": [2.5, 6, 12.5, 7.5], "texture": "#0"}
			}
		},
		{
			"name": "Surface2",
			"from": [0, 11.75, 0],
			"to": [16, 14.75, 2],
			"faces": {
				"north": {"uv": [0, 4, 16, 7], "texture": "#0"},
				"east": {"uv": [2, 0, 4, 3], "texture": "#0"},
				"south": {"uv": [0, 4, 16, 7], "texture": "#0"},
				"west": {"uv": [0, 4, 2, 7], "texture": "#0"},
				"up": {"uv": [0, 8, 16, 10], "texture": "#0", "rotation": 180},
				"down": {"uv": [0, 0, 16, 2], "texture": "#0"}
			}
		},
		{
			"name": "Surface3",
			"from": [0, 11.75, 14],
			"to": [16, 14.75, 16],
			"faces": {
				"north": {"uv": [0, 8, 16, 11], "texture": "#0"},
				"east": {"uv": [2, 4, 4, 7], "texture": "#0"},
				"south": {"uv": [0, 0, 16, 3], "texture": "#0"},
				"west": {"uv": [2, 0, 4, 3], "texture": "#0"},
				"up": {"uv": [0, 9, 16, 11], "texture": "#0", "rotation": 180},
				"down": {"uv": [0, 0, 16, 2], "texture": "#0"}
			}
		},
		{
			"name": "Surface4",
			"from": [0, 11.75, 2],
			"to": [2, 14.75, 14],
			"faces": {
				"north": {"uv": [0, 0, 2, 3], "texture": "#0"},
				"east": {"uv": [4, 2, 7, 14], "texture": "#0", "rotation": 270},
				"south": {"uv": [0, 0, 2, 3], "texture": "#0"},
				"west": {"uv": [1, 2, 4, 14], "texture": "#0", "rotation": 90},
				"up": {"uv": [6, 2, 8, 14], "texture": "#0", "rotation": 180},
				"down": {"uv": [7, 2, 9, 14], "texture": "#0"}
			}
		},
		{
			"name": "Surface5",
			"from": [14, 11.75, 2],
			"to": [16, 14.75, 14],
			"faces": {
				"north": {"uv": [0, 0, 2, 3], "texture": "#0"},
				"east": {"uv": [7, 2, 10, 14], "texture": "#0", "rotation": 270},
				"south": {"uv": [0, 0, 2, 3], "texture": "#0"},
				"west": {"uv": [9, 2, 12, 14], "texture": "#0", "rotation": 90},
				"up": {"uv": [10, 2, 12, 14], "texture": "#0", "rotation": 180},
				"down": {"uv": [7, 2, 9, 14], "texture": "#0"}
			}
		},
		{
			"name": "Top Leg 5",
			"from": [1, 10.75, 1],
			"to": [3, 13.25, 3],
			"faces": {
				"north": {"uv": [5, 6, 7, 8.5], "texture": "#0"},
				"east": {"uv": [7, 6, 9, 8.5], "texture": "#0"},
				"south": {"uv": [1, 6, 3, 8.5], "texture": "#0"},
				"west": {"uv": [3, 6, 5, 8.5], "texture": "#0"},
				"up": {"uv": [0, 0, 2, 2], "texture": "#0"},
				"down": {"uv": [0, 0, 2, 2], "texture": "#0"}
			}
		},
		{
			"name": "Top Leg 6",
			"from": [13, 10.75, 1],
			"to": [15, 13.25, 3],
			"faces": {
				"north": {"uv": [5, 6, 7, 8.5], "texture": "#0"},
				"east": {"uv": [7, 6, 9, 8.5], "texture": "#0"},
				"south": {"uv": [1, 6, 3, 8.5], "texture": "#0"},
				"west": {"uv": [3, 6, 5, 8.5], "texture": "#0"},
				"up": {"uv": [0, 0, 2, 2], "texture": "#0"},
				"down": {"uv": [0, 0, 2, 2], "texture": "#0"}
			}
		},
		{
			"name": "Top Leg 7",
			"from": [13, 10.75, 13],
			"to": [15, 13.25, 15],
			"faces": {
				"north": {"uv": [5, 6, 7, 8.5], "texture": "#0"},
				"east": {"uv": [7, 6, 9, 8.5], "texture": "#0"},
				"south": {"uv": [1, 6, 3, 8.5], "texture": "#0"},
				"west": {"uv": [3, 6, 5, 8.5], "texture": "#0"},
				"up": {"uv": [0, 0, 2, 2], "texture": "#0"},
				"down": {"uv": [0, 0, 2, 2], "texture": "#0"}
			}
		},
		{
			"name": "Top Leg 6",
			"from": [1, 10.75, 13],
			"to": [3, 13.25, 15],
			"faces": {
				"north": {"uv": [5, 6, 7, 8.5], "texture": "#0"},
				"east": {"uv": [7, 6, 9, 8.5], "texture": "#0"},
				"south": {"uv": [1, 6, 3, 8.5], "texture": "#0"},
				"west": {"uv": [3, 6, 5, 8.5], "texture": "#0"},
				"up": {"uv": [0, 0, 2, 2], "texture": "#0"},
				"down": {"uv": [0, 0, 2, 2], "texture": "#0"}
			}
		},
		{
			"name": "Dec4-4",
			"from": [3, 8.5, 1.35],
			"to": [13, 9, 2.85],
			"faces": {
				"north": {"uv": [3, 5, 13, 5.5], "texture": "#0"},
				"east": {"uv": [0, 0, 1.5, 0.5], "texture": "#0"},
				"south": {"uv": [3, 3, 13, 3.5], "texture": "#0"},
				"west": {"uv": [0, 0, 1.5, 0.5], "texture": "#0"},
				"up": {"uv": [3, 2, 13, 3.5], "texture": "#0"},
				"down": {"uv": [3, 3.5, 13, 5], "texture": "#0"}
			}
		},
		{
			"name": "Dec4-4",
			"from": [13, 8.5, 3],
			"to": [14.5, 9, 13],
			"faces": {
				"north": {"uv": [0, 0, 1.5, 0.5], "texture": "#0"},
				"east": {"uv": [4, 5, 14, 5.5], "texture": "#0"},
				"south": {"uv": [0, 0, 1.5, 0.5], "texture": "#0"},
				"west": {"uv": [0, 3, 10, 3.5], "texture": "#0"},
				"up": {"uv": [2, 2, 12, 3.5], "texture": "#0", "rotation": 90},
				"down": {"uv": [4, 6, 14, 7.5], "texture": "#0", "rotation": 90}
			}
		},
		{
			"name": "Dec5-5",
			"from": [1.25, 8.5, 3],
			"to": [2.75, 9, 13],
			"faces": {
				"north": {"uv": [0, 0, 1.5, 0.5], "texture": "#0"},
				"east": {"uv": [1.5, 7, 11.5, 7.5], "texture": "#0"},
				"south": {"uv": [0, 0, 1.5, 0.5], "texture": "#0"},
				"west": {"uv": [3.5, 8.5, 13.5, 9], "texture": "#0"},
				"up": {"uv": [5.5, 11.5, 15.5, 13], "texture": "#0", "rotation": 90},
				"down": {"uv": [3.5, 3.5, 13.5, 5], "texture": "#0", "rotation": 90}
			}
		},
		{
			"name": "Top Leg 2",
			"from": [0.75, 9, 0.75],
			"to": [3.25, 10.75, 3.25],
			"faces": {
				"north": {"uv": [9, 2, 11, 4], "texture": "#0"},
				"east": {"uv": [8, 2, 10, 4], "texture": "#0"},
				"south": {"uv": [7, 2, 9, 4], "texture": "#0"},
				"west": {"uv": [11, 2, 13, 4], "texture": "#0"},
				"up": {"uv": [14, 10, 16, 12], "texture": "#0"},
				"down": {"uv": [6, 11, 8, 13], "texture": "#0"}
			}
		},
		{
			"name": "Leg 2",
			"from": [1, 1.25, 1],
			"to": [3, 9, 3],
			"faces": {
				"north": {"uv": [6, 3, 8, 10.75], "texture": "#0"},
				"east": {"uv": [4, 3, 6, 10.75], "texture": "#0"},
				"south": {"uv": [10, 3, 12, 10.75], "texture": "#0"},
				"west": {"uv": [8, 3, 10, 10.75], "texture": "#0"}
			}
		},
		{
			"name": "Leg Foot 2",
			"from": [0.9, -0.25, 0.9],
			"to": [3.1, 1.25, 3.1],
			"faces": {
				"north": {"uv": [10, 3.5, 12, 5], "texture": "#0"},
				"east": {"uv": [6, 3.5, 8, 5], "texture": "#0"},
				"south": {"uv": [4.5, 3.5, 6.5, 5], "texture": "#0"},
				"west": {"uv": [5, 3.5, 7, 5], "texture": "#0"},
				"up": {"uv": [7, 3, 9, 5], "texture": "#0"},
				"down": {"uv": [7, 4, 9, 5.5], "texture": "#0"}
			}
		},
		{
			"name": "Top Leg 3",
			"from": [12.75, 9, 0.75],
			"to": [15.25, 10.75, 3.25],
			"faces": {
				"north": {"uv": [9, 2, 11, 4], "texture": "#0"},
				"east": {"uv": [8, 2, 10, 4], "texture": "#0"},
				"south": {"uv": [7, 2, 9, 4], "texture": "#0"},
				"west": {"uv": [11, 2, 13, 4], "texture": "#0"},
				"up": {"uv": [14, 10, 16, 12], "texture": "#0"},
				"down": {"uv": [6, 11, 8, 13], "texture": "#0"}
			}
		},
		{
			"name": "Leg 3",
			"from": [13, 1.25, 1],
			"to": [15, 9, 3],
			"faces": {
				"north": {"uv": [6, 7, 8, 14.75], "texture": "#0"},
				"east": {"uv": [4, 7, 6, 14.75], "texture": "#0"},
				"south": {"uv": [10, 7, 12, 14.75], "texture": "#0"},
				"west": {"uv": [8, 7, 10, 14.75], "texture": "#0"}
			}
		},
		{
			"name": "Leg Foot 3",
			"from": [12.9, -0.25, 0.9],
			"to": [15.1, 1.25, 3.1],
			"faces": {
				"north": {"uv": [8, 6, 10, 7.5], "texture": "#0", "rotation": 180},
				"east": {"uv": [6, 6, 8, 7.5], "texture": "#0", "rotation": 180},
				"south": {"uv": [12, 6, 14, 7.5], "texture": "#0", "rotation": 180},
				"west": {"uv": [10, 6, 12, 7.5], "texture": "#0", "rotation": 180},
				"up": {"uv": [8, 6, 10, 7.5], "texture": "#0", "rotation": 180},
				"down": {"uv": [8, 6, 10, 7.5], "texture": "#0", "rotation": 180}
			}
		},
		{
			"name": "Leg 4",
			"from": [1, 1.25, 13],
			"to": [3, 9, 15],
			"faces": {
				"north": {"uv": [6, 7, 8, 14.75], "texture": "#0"},
				"east": {"uv": [4, 7, 6, 14.75], "texture": "#0"},
				"south": {"uv": [10, 7, 12, 14.75], "texture": "#0"},
				"west": {"uv": [8, 7, 10, 14.75], "texture": "#0"}
			}
		},
		{
			"name": "Leg Foot 4",
			"from": [0.9, -0.25, 12.9],
			"to": [3.1, 1.25, 15.1],
			"faces": {
				"north": {"uv": [8, 6, 10, 7.5], "texture": "#0", "rotation": 180},
				"east": {"uv": [6, 6, 8, 7.5], "texture": "#0", "rotation": 180},
				"south": {"uv": [12, 6, 14, 7.5], "texture": "#0", "rotation": 180},
				"west": {"uv": [10, 6, 12, 7.5], "texture": "#0", "rotation": 180},
				"up": {"uv": [8, 6, 10, 7.5], "texture": "#0", "rotation": 180},
				"down": {"uv": [8, 6, 10, 7.5], "texture": "#0", "rotation": 180}
			}
		},
		{
			"name": "Top Leg 4",
			"from": [0.75, 9, 12.75],
			"to": [3.25, 10.75, 15.25],
			"faces": {
				"north": {"uv": [9, 2, 11, 4], "texture": "#0"},
				"east": {"uv": [8, 2, 10, 4], "texture": "#0"},
				"south": {"uv": [7, 2, 9, 4], "texture": "#0"},
				"west": {"uv": [11, 2, 13, 4], "texture": "#0"},
				"up": {"uv": [14, 10, 16, 12], "texture": "#0"},
				"down": {"uv": [6, 11, 8, 13], "texture": "#0"}
			}
		}
	],
	"display": {
		"thirdperson_righthand": {
			"rotation": [45, 0, 0],
			"translation": [0, 1, 0],
			"scale": [0.35, 0.35, 0.35]
		},
		"thirdperson_lefthand": {
			"rotation": [45, 0, 0],
			"translation": [0, 1, 0],
			"scale": [0.35, 0.35, 0.35] 
		},
        "firstperson_righthand": {
			"rotation": [-10, 15, 0],
			"translation": [1, 0, 0],
			"scale": [0.4, 0.4, 0.4]
		},
		"firstperson_lefthand": {
			"rotation": [-10, 15, 0],
			"translation": [1, 0, 0],
			"scale": [0.4, 0.4, 0.4]
		},
		"gui": {
			"rotation": [35, -135, 0],
			"translation": [0, -2, 0],
			"scale": [0.5, 0.5, 0.5]
		},
		"head": {
			"rotation": [0, 0, 0],
			"translation": [0, -31.5, 0],
			"scale": [2.29, 2.5, 2.29]
		},
        "ground": {
			"rotation": [0, 0, 0],
			"translation": [0, 1, 0],
			"scale": [0.3, 0.3, 0.3]
		},
		"fixed": {
			"rotation": [0, 0, 0],
			"translation": [0, 0, 0],
			"scale": [0.8, 0.8, 0.8]
		}
	}
}