{
	"credit": "Made with Blockbench, a free, modern block model editor by JannisX11",
	"textures": {
		"1": "block/red_wool",
		"particle": "block/red_wool"
	},
	"elements": [
		{
			"name": "Seat",
			"from": [3, 9.75, 2],
			"to": [13, 10.75, 13],
			"faces": {
				"north": {"uv": [3, 6, 13, 7], "texture": "#1"},
				"east": {"uv": [2, 1, 13, 2], "texture": "#1"},
				"south": {"uv": [2, 8, 12, 9], "texture": "#1"},
				"west": {"uv": [3, 4, 14, 5], "texture": "#1"},
				"up": {"uv": [3, 3, 13, 14], "texture": "#1"},
				"down": {"uv": [3, 3, 13, 14], "texture": "#1"}
			}
		},
		{
			"name": "Seat",
			"from": [3.5, 10.1, 2.5],
			"to": [12.5, 11.1, 12.5],
			"faces": {
				"north": {"uv": [3.5, 15, 13.5, 16], "texture": "#1"},
				"east": {"uv": [3.5, 15, 13.5, 16], "texture": "#1"},
				"south": {"uv": [3.5, 15, 13.5, 16], "texture": "#1"},
				"west": {"uv": [3.5, 15, 13.5, 16], "texture": "#1"},
				"up": {"uv": [3, 1.5, 12, 11.5], "texture": "#1"},
				"down": {"uv": [0, 0, 9, 10], "texture": "#1"}
			}
		}
	],
	"display": {
		"thirdperson_righthand": {
			"rotation": [0, 0, 0],
			"translation": [0, 0, 0],
			"scale": [0.85, 0.85, 0.85]
		},
		"thirdperson_lefthand": {
			"rotation": [90, 90, 0],
			"translation": [-4, -2, -25.5],
			"scale": [2, 2, 2]
		},
		"firstperson_lefthand": {
			"rotation": [0, 0, 0],
			"translation": [0, 0, 0],
			"scale": [0.2, 0.2, 0.2]
		},
		"gui": {
			"rotation": [30, 35, 0],
			"translation": [0, -4, 0],
			"scale": [0.5, 0.5, 0.5]
		},
		"head": {
			"rotation": [0, 90, 0],
			"translation": [0, -29.5, 0],
			"scale": [2.3, 2.3, 2.3]
		},
		"fixed": {
			"rotation": [0, 0, 0],
			"translation": [0, -4, 0],
			"scale": [0.5, 0.5, 0.5]
		}
	}
}