{
	"credit": "Made with Blockbench, a free, modern block model editor by JannisX11",
	"textures": {
		"0": "block/acacia_planks"
	},
	"elements": [
		{
			"name": "Surface2",
			"from": [0, 11.75, 0],
			"to": [16, 14.75, 2],
			"faces": {
				"north": {"uv": [0, 4, 16, 7], "texture": "#0"},
				"east": {"uv": [2, 0, 4, 3], "texture": "#0"},
				"south": {"uv": [0, 4, 16, 7], "texture": "#0"},
				"west": {"uv": [0, 4, 2, 7], "texture": "#0"},
				"up": {"uv": [0, 8, 16, 10], "texture": "#0", "rotation": 180},
				"down": {"uv": [0, 0, 16, 2], "texture": "#0"}
			}
		},
		{
			"name": "Surface3",
			"from": [0, 11.75, 14],
			"to": [16, 14.75, 16],
			"faces": {
				"north": {"uv": [0, 8, 16, 11], "texture": "#0"},
				"east": {"uv": [2, 4, 4, 7], "texture": "#0"},
				"south": {"uv": [0, 0, 16, 3], "texture": "#0"},
				"west": {"uv": [2, 0, 4, 3], "texture": "#0"},
				"up": {"uv": [0, 9, 16, 11], "texture": "#0", "rotation": 180},
				"down": {"uv": [0, 0, 16, 2], "texture": "#0"}
			}
		},
		{
			"name": "Surface4",
			"from": [0, 11.75, 2],
			"to": [2, 14.75, 14],
			"faces": {
				"north": {"uv": [0, 0, 2, 3], "texture": "#0"},
				"east": {"uv": [4, 2, 7, 14], "texture": "#0", "rotation": 270},
				"south": {"uv": [0, 0, 2, 3], "texture": "#0"},
				"west": {"uv": [1, 2, 4, 14], "texture": "#0", "rotation": 90},
				"up": {"uv": [6, 2, 8, 14], "texture": "#0", "rotation": 180},
				"down": {"uv": [7, 2, 9, 14], "texture": "#0"}
			}
		},
		{
			"name": "Surface5",
			"from": [14, 11.75, 2],
			"to": [16, 14.75, 14],
			"faces": {
				"north": {"uv": [0, 0, 2, 3], "texture": "#0"},
				"east": {"uv": [7, 2, 10, 14], "texture": "#0", "rotation": 270},
				"south": {"uv": [0, 0, 2, 3], "texture": "#0"},
				"west": {"uv": [9, 2, 12, 14], "texture": "#0", "rotation": 90},
				"up": {"uv": [10, 2, 12, 14], "texture": "#0", "rotation": 180},
				"down": {"uv": [7, 2, 9, 14], "texture": "#0"}
			}
		}
	],
	"display": {
		"thirdperson_righthand": {
			"rotation": [90, 0, 0],
			"translation": [-6, -2, -10.8],
			"scale": [2.003, 2.1925, 2.003]
		},
		"thirdperson_lefthand": {
			"rotation": [0, -90, 0],
			"translation": [0, 8, 0],
			"scale": [1.5, 1.2, 1.5]
		},
		"firstperson_lefthand": {
			"rotation": [0, -90, 0],
			"translation": [-10, 0, 0],
			"scale": [0.5, 0.5, 0.5]
		},
		"gui": {
			"rotation": [0, 90, 0],
			"translation": [0, 0, 0]
		},
		"head": {
			"rotation": [0, 0, 0],
			"translation": [0, -31.5, 0],
			"scale": [2.29, 2.5, 2.29]
		},
		"fixed": {
			"rotation": [0, 90, 0],
			"translation": [0, 0, 0]
		}
	}
}