{
	"credit": "Made with Blockbench, a free, modern block model editor by JannisX11",
	"textures": {
		"0": "books/pages",
		"1": "books/lightleather",
		"2": "books/leather1",
		"particle": "books/lightleather"
	},
	"elements": [
		{
			"name": "Cover 1",
			"from": [6.5, 0, 0],
			"to": [6.75, 9.25, 6.5],
			"faces": {
				"north": {
					"uv": [0, 0, 0.25, 9.75],
					"texture": "#2"
				},
				"east": {"uv": [0, 0, 6.5, 9.75], "texture": "#2"},
				"south": {"uv": [0, 0, 0.5, 9], "texture": "#2"},
				"west": {"uv": [0, 0, 6.5, 9.75], "texture": "#2"},
				"up": {"uv": [0, 0, 0.5, 7], "texture": "#2"},
				"down": {"uv": [0, 0, 0.5, 7], "texture": "#2"}
			},
			"type": "cube"
		},
		{
			"name": "Cover 2",
			"from": [7.75, 0, 0],
			"to": [8, 9.25, 6.5],
			"faces": {
				"north": {
					"uv": [0, 0, 0.25, 9.75],
					"texture": "#2"
				},
				"east": {"uv": [0, 0, 6.5, 9.75], "texture": "#2"},
				"south": {
					"uv": [0, 0, 0.25, 8.25],
					"texture": "#2"
				},
				"west": {"uv": [0, 0, 6.5, 9.75], "texture": "#2"},
				"up": {"uv": [0, 0, 0.25, 6.5], "texture": "#2"},
				"down": {"uv": [0, 0, 0.25, 6.5], "texture": "#2"}
			},
			"type": "cube"
		},
		{
			"name": "Pages",
			"from": [6.75, 0.25, 0.25],
			"to": [7.75, 8.75, 6.25],
			"faces": {
				"north": {"uv": [8, 4, 10, 12.5], "texture": "#0"},
				"east": {
					"uv": [5, 4, 11.25, 12.5],
					"texture": "#0"
				},
				"south": {"uv": [6.5, 3, 9, 13], "texture": "#0"},
				"west": {
					"uv": [4.5, 3.5, 10.75, 12],
					"texture": "#0"
				},
				"up": {"uv": [7, 5, 9, 11.25], "texture": "#0"},
				"down": {"uv": [7, 3, 9.5, 11.75], "texture": "#0"}
			},
			"type": "cube"
		},
		{
			"name": "Pages",
			"from": [8.5, 0.25, 0.25],
			"to": [9.25, 8.75, 6.25],
			"faces": {
				"north": {"uv": [0, 0, 0.75, 8.5], "texture": "#0"},
				"east": {"uv": [0, 0, 6, 8.5], "texture": "#0"},
				"south": {"uv": [0, 0, 1.75, 8.5], "texture": "#0"},
				"west": {"uv": [0, 0, 6, 8.5], "texture": "#0"},
				"up": {"uv": [0, 0, 1.75, 6], "texture": "#0"},
				"down": {"uv": [0, 0, 2, 6.25], "texture": "#0"}
			},
			"type": "cube"
		},
		{
			"name": "Pages",
			"from": [9.25, 0, 0],
			"to": [9.5, 9, 6.25],
			"faces": {
				"north": {"uv": [0, 0, 0.25, 9], "texture": "#2"},
				"east": {"uv": [0, 0, 6.25, 9], "texture": "#2"},
				"south": {"uv": [0, 0, 0.25, 9], "texture": "#2"},
				"west": {"uv": [0, 0, 6.25, 9], "texture": "#2"},
				"up": {"uv": [0, 0, 0.25, 6.25], "texture": "#2"},
				"down": {"uv": [0, 0, 0.25, 6.25], "texture": "#2"}
			},
			"type": "cube"
		},
		{
			"name": "Pages",
			"from": [8.25, 0, 0],
			"to": [8.5, 9, 6.25],
			"faces": {
				"north": {"uv": [0, 0, 0.25, 9], "texture": "#2"},
				"east": {"uv": [0, 0, 6.25, 9], "texture": "#2"},
				"south": {"uv": [0, 0, 0.25, 9], "texture": "#2"},
				"west": {"uv": [0, 0, 6.25, 9], "texture": "#2"},
				"up": {"uv": [0, 0, 0.25, 6.25], "texture": "#2"},
				"down": {"uv": [0, 0, 0.25, 6.25], "texture": "#2"}
			},
			"type": "cube"
		},
		{
			"name": "Pages",
			"from": [8.5, 0, 6.25],
			"to": [9.25, 9, 6.5],
			"faces": {
				"north": {"uv": [0, 0, 0.75, 9], "texture": "#2"},
				"east": {"uv": [0, 0, 0.25, 9], "texture": "#2"},
				"south": {
					"uv": [2.5, 1.5, 3, 10.5],
					"texture": "#2"
				},
				"west": {"uv": [0, 0, 0.25, 9], "texture": "#2"},
				"up": {"uv": [0, 0, 0.75, 0.25], "texture": "#2"},
				"down": {"uv": [0, 0, 0.75, 0.25], "texture": "#2"}
			},
			"type": "cube"
		},
		{
			"name": "Pages",
			"from": [10.75, 0, 0.25],
			"to": [11, 8.5, 6.5],
			"faces": {
				"north": {"uv": [0, 0, 0.25, 8.5], "texture": "#1"},
				"east": {
					"uv": [5, 6, 11.25, 14.5],
					"texture": "#1"
				},
				"south": {"uv": [0, 0, 0.25, 8.5], "texture": "#1"},
				"west": {"uv": [0, 0, 6.25, 8.5], "texture": "#1"},
				"up": {"uv": [0, 0, 0.25, 6.25], "texture": "#1"},
				"down": {"uv": [0, 0, 0.25, 6.25], "texture": "#1"}
			},
			"type": "cube"
		},
		{
			"name": "Pages",
			"from": [10, 0, 6.5],
			"to": [10.75, 8.5, 6.75],
			"faces": {
				"north": {"uv": [0, 0, 0.75, 9], "texture": "#1"},
				"east": {
					"uv": [9.5, 4.5, 9.75, 13],
					"texture": "#1"
				},
				"south": {"uv": [7, 5.5, 8, 14], "texture": "#1"},
				"west": {"uv": [0, 0, 0.25, 8.5], "texture": "#1"},
				"up": {"uv": [0, 0, 0.75, 0.25], "texture": "#1"},
				"down": {"uv": [0, 0, 0.75, 0.25], "texture": "#1"}
			},
			"type": "cube"
		},
		{
			"name": "Pages",
			"from": [9.75, 0, 0.25],
			"to": [10, 8.5, 6.5],
			"faces": {
				"north": {"uv": [0, 0, 0.25, 8.5], "texture": "#1"},
				"east": {
					"uv": [9.5, 0, 15.75, 8.5],
					"texture": "#1"
				},
				"south": {"uv": [0, 0, 0.25, 8.5], "texture": "#1"},
				"west": {
					"uv": [7, 5, 13.25, 13.5],
					"texture": "#1"
				},
				"up": {"uv": [0, 0, 0.25, 6.25], "texture": "#1"},
				"down": {"uv": [0, 0, 0.25, 6.25], "texture": "#1"}
			},
			"type": "cube"
		},
		{
			"name": "Pages",
			"from": [10, 0.25, 0.5],
			"to": [10.75, 8.25, 6.5],
			"faces": {
				"north": {"uv": [8, 0, 10, 8.5], "texture": "#0"},
				"east": {"uv": [0, 0, 6, 8.5], "texture": "#0"},
				"south": {"uv": [0, 0, 1.75, 8.5], "texture": "#0"},
				"west": {"uv": [0, 0, 6, 8.5], "texture": "#0"},
				"up": {"uv": [9.5, 0, 11.5, 8], "texture": "#0"},
				"down": {"uv": [0, 0, 2, 6.25], "texture": "#0"}
			},
			"type": "cube"
		},
		{
			"name": "Binding",
			"from": [11.15, 0, 6.5],
			"to": [12.15, 7.25, 6.75],
			"faces": {
				"north": {"uv": [0, 0, 2, 9], "texture": "#2"},
				"east": {"uv": [0, 0, 0.25, 9.75], "texture": "#2"},
				"south": {"uv": [0, 0, 1, 7.25], "texture": "#2"},
				"west": {"uv": [0, 0, 0.25, 9.75], "texture": "#2"},
				"up": {"uv": [0, 0, 1, 0.5], "texture": "#2"},
				"down": {"uv": [0, 0, 2, 0.5], "texture": "#2"}
			},
			"type": "cube"
		},
		{
			"name": "Cover 3",
			"from": [11.15, 0, 0],
			"to": [11.4, 7.25, 6.5],
			"faces": {
				"north": {
					"uv": [0, 0, 0.25, 7.25],
					"texture": "#2"
				},
				"east": {"uv": [0, 0, 6.5, 7.25], "texture": "#2"},
				"south": {
					"uv": [0, 0, 0.25, 8.25],
					"texture": "#2"
				},
				"west": {"uv": [0, 0, 6.5, 7.25], "texture": "#2"},
				"up": {"uv": [0, 0, 0.25, 6.5], "texture": "#2"},
				"down": {"uv": [0, 0, 0.25, 6.5], "texture": "#2"}
			},
			"type": "cube"
		},
		{
			"name": "Cover 4",
			"from": [11.9, 0, 0],
			"to": [12.15, 7.25, 6.5],
			"faces": {
				"north": {
					"uv": [0, 0, 0.25, 7.25],
					"texture": "#2"
				},
				"east": {"uv": [0, 0, 6.5, 7.25], "texture": "#2"},
				"south": {
					"uv": [0, 0, 0.25, 8.25],
					"texture": "#2"
				},
				"west": {"uv": [0, 0, 6.5, 7.25], "texture": "#2"},
				"up": {"uv": [0, 0, 0.25, 6.5], "texture": "#2"},
				"down": {"uv": [0, 0, 0.25, 6.5], "texture": "#2"}
			},
			"type": "cube"
		},
		{
			"name": "Pages",
			"from": [11.4, 0.25, 0.25],
			"to": [11.9, 7, 6.5],
			"faces": {
				"north": {
					"uv": [8.5, 4.5, 10.5, 13],
					"texture": "#0"
				},
				"east": {
					"uv": [5.5, 4, 11.75, 12.5],
					"texture": "#0"
				},
				"south": {"uv": [5, 0, 10, 16], "texture": "#0"},
				"west": {"uv": [0, 0, 6.25, 8.5], "texture": "#0"},
				"up": {"uv": [9, 4, 11, 10.25], "texture": "#0"},
				"down": {
					"uv": [7, 3.5, 9.5, 12.25],
					"texture": "#0"
				}
			},
			"type": "cube"
		},
		{
			"name": "cube",
			"from": [6.75, 8, 2.75],
			"to": [7.75, 9, 3.75],
			"faces": {
				"north": {"uv": [0, 0, 1, 1], "texture": "#2"},
				"east": {"uv": [0, 0, 1, 1], "texture": "#2"},
				"south": {"uv": [0, 0, 1, 1], "texture": "#2"},
				"west": {"uv": [0, 0, 1, 1], "texture": "#2"},
				"up": {"uv": [0, 0, 1, 1], "texture": "#2"},
				"down": {"uv": [0, 0, 1, 1], "texture": "#2"}
			},
			"type": "cube"
		}
	],
	"display": {
		"thirdperson_righthand": {
			"rotation": [0, 0, 0],
			"translation": [0, 0, 0],
			"scale": [1, 1, 1]
		},
		"thirdperson_lefthand": {
			"rotation": [0, 0, 90],
			"translation": [-6, 1, -2],
			"scale": [1.5, 1.4, 1.5]
		},
		"firstperson_lefthand": {
			"rotation": [0, 0, 0],
			"translation": [0, 0, 0],
			"scale": [1, 1, 1]
		},
		"gui": {
			"rotation": [30, 35, 0],
			"translation": [0, 0, 0],
			"scale": [1, 1, 1]
		},
		"head": {
			"rotation": [0, 0, 0],
			"translation": [0, -15.5, -0.5],
			"scale": [2.25, 2.25, 2.25]
		},
		"fixed": {
			"rotation": [0, 0, 0],
			"translation": [0, 1, 0],
			"scale": [0.5, 0.5, 0.5]
		}
	}
}