{
	"credit": "Made with Blockbench, a free, modern block model editor by JannisX11",
	"textures": {
		"1": "block/quartz_pillar",
		"2": "block/chiseled_quartz_block_top",
		"3": "block/quartz_pillar_top",
		"particle": "block/quartz_pillar"
	},
	"elements": [
		{
			"name": "Surface1",
			"from": [0, 11.75, 0],
			"to": [16, 14.75, 16],
			"faces": {
				"north": {"uv": [0, 3, 16, 6], "texture": "#1"},
				"east": {"uv": [0, 11, 16, 14], "texture": "#1"},
				"south": {"uv": [0, 3, 16, 6], "texture": "#1"},
				"west": {"uv": [0, 7, 16, 10], "texture": "#1"},
				"up": {"uv": [0, 0, 16, 16], "texture": "#3", "rotation": 180},
				"down": {"uv": [0, 0, 16, 16], "texture": "#3"}
			}
		},
		{
			"name": "Surface2",
			"from": [2, 9.75, 2],
			"to": [14, 11.75, 14],
			"faces": {
				"north": {"uv": [2, 0, 14, 2], "texture": "#2"},
				"east": {"uv": [2, 0, 14, 2], "texture": "#2"},
				"south": {"uv": [2, 0, 14, 2], "texture": "#2"},
				"west": {"uv": [2, 0, 14, 2], "texture": "#2"},
				"down": {"uv": [2, 2, 14, 14], "texture": "#2", "rotation": 90}
			}
		},
		{
			"from": [6, 0.75, 6],
			"to": [10, 10.75, 10],
			"faces": {
				"north": {"uv": [8, 0, 12, 10], "texture": "#1"},
				"east": {"uv": [4, 0, 8, 10], "texture": "#1"},
				"south": {"uv": [0, 0, 4, 10], "texture": "#1"},
				"west": {"uv": [12, 0, 16, 10], "texture": "#1"},
				"up": {"uv": [0, 0, 4, 4], "texture": "#1"},
				"down": {"uv": [0, 0, 4, 4], "texture": "#1"}
			}
		},
		{
			"name": "Surface3",
			"from": [2, 0, 2],
			"to": [14, 1, 14],
			"faces": {
				"north": {"uv": [2, 15, 14, 16], "texture": "#1"},
				"east": {"uv": [2, 15, 14, 16], "texture": "#1"},
				"south": {"uv": [2, 15, 14, 16], "texture": "#1"},
				"west": {"uv": [2, 15, 14, 16], "texture": "#1"},
				"up": {"uv": [2, 2, 14, 14], "texture": "#3"},
				"down": {"uv": [2, 2, 14, 14], "texture": "#3", "rotation": 90}
			}
		},
		{
			"name": "Surface4",
			"from": [3.5, 1, 3.5],
			"to": [12.5, 2, 12.5],
			"faces": {
				"north": {"uv": [3.5, 13, 12.5, 14], "texture": "#1"},
				"east": {"uv": [3.5, 13, 12.5, 14], "texture": "#1"},
				"south": {"uv": [3.5, 13, 12.5, 14], "texture": "#1"},
				"west": {"uv": [3.5, 13, 12.5, 14], "texture": "#1"},
				"up": {"uv": [3.5, 3.5, 12.5, 12.5], "texture": "#3"}
			}
		},
		{
			"name": "Surface5",
			"from": [5, 2, 5],
			"to": [11, 3, 11],
			"faces": {
				"north": {"uv": [5, 11, 11, 12], "texture": "#1"},
				"east": {"uv": [5, 11, 11, 12], "texture": "#1"},
				"south": {"uv": [5, 11, 11, 12], "texture": "#1"},
				"west": {"uv": [5, 11, 11, 12], "texture": "#1"},
				"up": {"uv": [5, 5, 11, 11], "texture": "#3"}
			}
		}
	],
	"display": {
		"thirdperson_righthand": {
			"rotation": [45, 0, 0],
			"translation": [0, 1, 0],
			"scale": [0.35, 0.35, 0.35]
		},
		"thirdperson_lefthand": {
			"rotation": [45, 0, 0],
			"translation": [0, 1, 0],
			"scale": [0.35, 0.35, 0.35] 
		},
        "firstperson_righthand": {
			"rotation": [-10, 15, 0],
			"translation": [1, 0, 0],
			"scale": [0.4, 0.4, 0.4]
		},
		"firstperson_lefthand": {
			"rotation": [-10, 15, 0],
			"translation": [1, 0, 0],
			"scale": [0.4, 0.4, 0.4]
		},
		"gui": {
			"rotation": [35, -135, 0],
			"translation": [0, -2, 0],
			"scale": [0.5, 0.5, 0.5]
		},
		"head": {
			"rotation": [0, 0, 0],
			"translation": [0, -31.5, 0],
			"scale": [2.29, 2.5, 2.29]
		},
        "ground": {
			"rotation": [0, 0, 0],
			"translation": [0, 1, 0],
			"scale": [0.3, 0.3, 0.3]
		},
		"fixed": {
			"rotation": [-22.5, 90, 0],
			"translation": [0, 0, -1.5],
            "scale": [0.8, 1, 0.8]
		}
	}
}