{
	"credit": "Made with Blockbench",
	"textures": {
		"0": "block/oak_planks"
	},
	"elements": [
		{
			"name": "Seat3",
			"from": [12, 9, 1],
			"to": [14, 10.5, 14],
			"faces": {
				"north": {"uv": [7, 6, 9, 7.5], "texture": "#0"},
				"east": {"uv": [1, 6, 14, 7.5], "texture": "#0"},
				"south": {"uv": [5, 1.25, 7, 2.75], "texture": "#0"},
				"west": {"uv": [1, 6, 14, 7.5], "texture": "#0"},
				"up": {"uv": [4, 1, 6, 14], "texture": "#0"},
				"down": {"uv": [0, 0, 2, 13], "texture": "#0"}
			}
		},
		{
			"name": "Seat2",
			"from": [1.75, 9, 1],
			"to": [3.75, 10.5, 14],
			"faces": {
				"north": {"uv": [8, 6, 10, 7.5], "texture": "#0"},
				"east": {"uv": [0, 10, 13, 11.5], "texture": "#0"},
				"south": {"uv": [0, 0.25, 2, 1.75], "texture": "#0"},
				"west": {"uv": [2, 10, 15, 11.5], "texture": "#0"},
				"up": {"uv": [4, 1, 6, 14], "texture": "#0"},
				"down": {"uv": [0, 0, 2, 13], "texture": "#0"}
			}
		},
		{
			"name": "Seat4",
			"from": [3.75, 9, 1.25],
			"to": [12, 10.5, 3.25],
			"faces": {
				"north": {"uv": [2, 2, 10.5, 3.5], "texture": "#0"},
				"east": {"uv": [0, 0, 2, 1.5], "texture": "#0"},
				"south": {"uv": [0, 0, 8.25, 1.5], "texture": "#0"},
				"west": {"uv": [0, 0, 2, 1.5], "texture": "#0"},
				"up": {"uv": [3.25, 5, 11.75, 7], "texture": "#0"},
				"down": {"uv": [6.25, 2, 14.75, 4], "texture": "#0"}
			}
		},
		{
			"name": "Leg1",
			"from": [12, 7.5, 1.25],
			"to": [14, 9, 3.25],
			"faces": {
				"north": {"uv": [5, 1, 7, 2.5], "texture": "#0"},
				"east": {"uv": [9, 1, 11, 2.5], "texture": "#0"},
				"south": {"uv": [8, 1, 10, 2.5], "texture": "#0"},
				"west": {"uv": [7, 1, 9, 2.5], "texture": "#0"},
				"down": {"uv": [0, 0, 2, 2], "texture": "#0"}
			}
		},
		{
			"name": "Beam",
			"from": [13, 6, 3],
			"to": [13.5, 7, 12.25],
			"faces": {
				"east": {"uv": [6, 8.5, 14.75, 9.5], "texture": "#0"},
				"west": {"uv": [5, 6.5, 13.75, 7.5], "texture": "#0", "rotation": 180},
				"up": {"uv": [0, 0, 0.5, 8.75], "texture": "#0"},
				"down": {"uv": [0.75, 2, 1.25, 10.75], "texture": "#0"}
			}
		},
		{
			"name": "Beam",
			"from": [3.75, 7.5, 13],
			"to": [12, 8.5, 13.5],
			"faces": {
				"north": {"uv": [4, 6.5, 12.25, 7.5], "texture": "#0", "rotation": 180},
				"east": {"uv": [0, 0, 0.5, 1], "texture": "#0"},
				"south": {"uv": [4, 4.5, 12.25, 5.5], "texture": "#0"},
				"west": {"uv": [0, 0, 0.5, 1], "texture": "#0"},
				"up": {"uv": [0, 0, 8.25, 0.5], "texture": "#0"},
				"down": {"uv": [4, 5.75, 12.25, 6.25], "texture": "#0"}
			}
		},
		{
			"name": "Seat5",
			"from": [3.75, 9, 12],
			"to": [12, 10.5, 14],
			"faces": {
				"north": {"uv": [0, 0, 8.25, 1.5], "texture": "#0"},
				"east": {"uv": [0, 0, 2, 1.5], "texture": "#0"},
				"south": {"uv": [0, 0, 8.25, 1.5], "texture": "#0"},
				"west": {"uv": [0, 0, 2, 1.5], "texture": "#0"},
				"up": {"uv": [0, 0, 8.25, 2], "texture": "#0"},
				"down": {"uv": [0, 0, 8.25, 2], "texture": "#0"}
			}
		},
		{
			"name": "Leg_top8",
			"from": [3, 23.5, 12],
			"to": [12.75, 24.5, 14],
			"faces": {
				"north": {"uv": [4.5, 2, 11.5, 2.5], "texture": "#0"},
				"east": {"uv": [0, 0, 2, 0.5], "texture": "#0"},
				"south": {"uv": [4.5, 2, 11.5, 2.5], "texture": "#0"},
				"west": {"uv": [0, 0, 2, 0.5], "texture": "#0"},
				"up": {"uv": [8.5, 4, 15.5, 6], "texture": "#0"},
				"down": {"uv": [0, 0, 7, 2], "texture": "#0"}
			}
		},
		{
			"name": "Leg_top4",
			"from": [2, 10.5, 12.25],
			"to": [3.5, 17.25, 13.75],
			"faces": {
				"north": {"uv": [6.25, 1.25, 7.75, 8], "texture": "#0"},
				"east": {"uv": [9.25, 1.25, 10.75, 8], "texture": "#0"},
				"south": {"uv": [8.25, 1.25, 9.75, 8], "texture": "#0"},
				"west": {"uv": [7.25, 1.25, 8.75, 8], "texture": "#0"},
				"up": {"uv": [2.25, 0.25, 3.75, 1.75], "texture": "#0"},
				"down": {"uv": [0, 0, 1.5, 1.5], "texture": "#0"}
			}
		},
		{
			"name": "Leg_top5",
			"from": [2.25, 17.25, 12.5],
			"to": [3.25, 21.25, 13.5],
			"faces": {
				"north": {"uv": [0, 0, 1, 4], "texture": "#0"},
				"east": {"uv": [0, 0, 1, 4], "texture": "#0"},
				"south": {"uv": [0, 0, 1, 4], "texture": "#0"},
				"west": {"uv": [0, 0, 1, 4], "texture": "#0"},
				"up": {"uv": [0, 0, 1, 1], "texture": "#0"},
				"down": {"uv": [0, 0, 1, 1], "texture": "#0"}
			}
		},
		{
			"name": "Leg_top5",
			"from": [12.25, 10.5, 12.25],
			"to": [13.75, 17.25, 13.75],
			"faces": {
				"north": {"uv": [3.25, 5.25, 4.75, 12], "texture": "#0"},
				"east": {"uv": [6.25, 5.25, 7.75, 12], "texture": "#0"},
				"south": {"uv": [5.25, 5.25, 6.75, 12], "texture": "#0"},
				"west": {"uv": [4.25, 5.25, 5.75, 12], "texture": "#0"},
				"up": {"uv": [2.25, 0.25, 3.75, 1.75], "texture": "#0"},
				"down": {"uv": [0, 0, 1.5, 1.5], "texture": "#0"}
			}
		},
		{
			"name": "Leg_top6",
			"from": [12.5, 17.25, 12.5],
			"to": [13.5, 21.25, 13.5],
			"faces": {
				"north": {"uv": [0, 0, 1, 4], "texture": "#0"},
				"east": {"uv": [0, 0, 1, 4], "texture": "#0"},
				"south": {"uv": [0, 0, 1, 4], "texture": "#0"},
				"west": {"uv": [0, 0, 1, 4], "texture": "#0"},
				"up": {"uv": [0, 0, 1, 1], "texture": "#0"},
				"down": {"uv": [0, 0, 1, 1], "texture": "#0"}
			}
		},
		{
			"name": "Leg_top7",
			"from": [3.25, 12.75, 12.75],
			"to": [12.5, 23.5, 13.25],
			"faces": {
				"north": {"uv": [0, 0, 9.25, 10.75], "texture": "#0"},
				"east": {"uv": [0, 0, 0.5, 10.75], "texture": "#0"},
				"south": {"uv": [0, 0, 9.25, 10.75], "texture": "#0"},
				"west": {"uv": [0, 0, 0.5, 10.75], "texture": "#0"},
				"down": {"uv": [0, 0, 9.25, 0.5], "texture": "#0"}
			}
		},
		{
			"name": "Seat3",
			"from": [1.5, 13.75, 2],
			"to": [3, 14.75, 12],
			"faces": {
				"north": {"uv": [5.25, 3, 6.75, 4], "texture": "#0"},
				"east": {"uv": [4, 3, 5, 13], "texture": "#0", "rotation": 90},
				"south": {"uv": [0, 0, 1.5, 1], "texture": "#0"},
				"west": {"uv": [3, 3, 4, 13], "texture": "#0", "rotation": 270},
				"up": {"uv": [3.25, 3, 4.75, 13], "texture": "#0"},
				"down": {"uv": [2.5, 2, 4, 12], "texture": "#0"}
			}
		},
		{
			"name": "Seat4",
			"from": [12.75, 13.75, 2],
			"to": [14.25, 14.75, 12],
			"faces": {
				"north": {"uv": [5.25, 3, 6.75, 4], "texture": "#0"},
				"east": {"uv": [4, 3, 5, 13], "texture": "#0", "rotation": 90},
				"south": {"uv": [0, 0, 1.5, 1], "texture": "#0"},
				"west": {"uv": [3, 3, 4, 13], "texture": "#0", "rotation": 270},
				"up": {"uv": [3.25, 3, 4.75, 13], "texture": "#0"},
				"down": {"uv": [2.5, 2, 4, 12], "texture": "#0"}
			}
		},
		{
			"name": "Seat5",
			"from": [3.5, 9.05, 3],
			"to": [12.25, 10.55, 12],
			"faces": {
				"north": {"uv": [3.75, 3, 12, 4.5], "texture": "#0"},
				"east": {"uv": [4, 2.25, 13, 3.75], "texture": "#0"},
				"south": {"uv": [0, 0, 8.25, 1.5], "texture": "#0"},
				"west": {"uv": [6, 6, 15, 7.5], "texture": "#0"},
				"up": {"uv": [3, 3, 12, 12], "texture": "#0"},
				"down": {"uv": [0, 0, 8.25, 9], "texture": "#0"}
			}
		},
		{
			"name": "Seat5",
			"from": [12.65, 13.5, 10.5],
			"to": [14.4, 15, 13.25],
			"faces": {
				"north": {"uv": [2.25, 0.5, 4, 2], "texture": "#0", "rotation": 180},
				"east": {"uv": [1.25, 1, 4, 2.5], "texture": "#0"},
				"south": {"uv": [1.25, 1, 3, 2.5], "texture": "#0"},
				"west": {"uv": [4, 1, 6.75, 2.5], "texture": "#0"},
				"up": {"uv": [2.25, 1, 4, 3.75], "texture": "#0"},
				"down": {"uv": [1.25, 1.25, 3, 4], "texture": "#0"}
			}
		},
		{
			"name": "Seat6",
			"from": [1.35, 13.5, 10.5],
			"to": [3.1, 15, 13.25],
			"faces": {
				"north": {"uv": [10.25, 3.5, 12, 5], "texture": "#0", "rotation": 180},
				"east": {"uv": [1.25, 1, 4, 2.5], "texture": "#0"},
				"south": {"uv": [1.25, 1, 3, 2.5], "texture": "#0"},
				"west": {"uv": [7, 2, 9.75, 3.5], "texture": "#0"},
				"up": {"uv": [7.25, 2, 9, 4.75], "texture": "#0"},
				"down": {"uv": [6, 1.25, 7.75, 4], "texture": "#0"}
			}
		},
		{
			"from": [13, 10.5, 3],
			"to": [14, 13.75, 4],
			"faces": {
				"north": {"uv": [5, 3, 6, 6], "texture": "#0"},
				"east": {"uv": [4, 3, 5, 6], "texture": "#0"},
				"south": {"uv": [7, 3, 8, 6], "texture": "#0"},
				"west": {"uv": [6, 3, 7, 6], "texture": "#0"},
				"up": {"uv": [0, 0, 1, 1], "texture": "#0"},
				"down": {"uv": [0, 0, 1, 1], "texture": "#0"}
			}
		},
		{
			"from": [1.75, 10.5, 3],
			"to": [2.75, 13.75, 4],
			"faces": {
				"north": {"uv": [5, 3, 6, 6], "texture": "#0"},
				"east": {"uv": [4, 3, 5, 6], "texture": "#0"},
				"south": {"uv": [7, 3, 8, 6], "texture": "#0"},
				"west": {"uv": [6, 3, 7, 6], "texture": "#0"},
				"up": {"uv": [0, 0, 1, 1], "texture": "#0"},
				"down": {"uv": [0, 0, 1, 1], "texture": "#0"}
			}
		},
		{
			"name": "Leg3",
			"from": [12.25, 1.5, 1.5],
			"to": [13.75, 7.5, 3],
			"faces": {
				"north": {"uv": [5.25, 3, 6.75, 9], "texture": "#0"},
				"east": {"uv": [8.25, 3, 9.75, 9], "texture": "#0"},
				"south": {"uv": [7.25, 3, 8.75, 9], "texture": "#0"},
				"west": {"uv": [6.25, 3, 7.75, 9], "texture": "#0"},
				"up": {"uv": [0, 0, 1.5, 1.5], "texture": "#0"},
				"down": {"uv": [0, 0, 1.5, 1.5], "texture": "#0"}
			}
		},
		{
			"name": "Leg4",
			"from": [12, 0, 1.25],
			"to": [14, 1.5, 3.25],
			"faces": {
				"north": {"uv": [0, 0, 2, 1.5], "texture": "#0"},
				"east": {"uv": [0, 0, 2, 1.5], "texture": "#0"},
				"south": {"uv": [0, 0, 2, 1.5], "texture": "#0"},
				"west": {"uv": [0, 0, 2, 1.5], "texture": "#0"},
				"up": {"uv": [0, 0, 2, 2], "texture": "#0"},
				"down": {"uv": [0, 0, 2, 2], "texture": "#0"}
			}
		},
		{
			"name": "Leg2",
			"from": [1.75, 7.5, 1.25],
			"to": [3.75, 9, 3.25],
			"faces": {
				"north": {"uv": [5, 1, 7, 2.5], "texture": "#0"},
				"east": {"uv": [9, 1, 11, 2.5], "texture": "#0"},
				"south": {"uv": [8, 1, 10, 2.5], "texture": "#0"},
				"west": {"uv": [7, 1, 9, 2.5], "texture": "#0"},
				"down": {"uv": [0, 0, 2, 2], "texture": "#0"}
			}
		},
		{
			"name": "Leg4",
			"from": [2, 1.5, 1.5],
			"to": [3.5, 7.5, 3],
			"faces": {
				"north": {"uv": [6.25, 3, 7.75, 9], "texture": "#0"},
				"east": {"uv": [9.25, 3, 10.75, 9], "texture": "#0"},
				"south": {"uv": [8.25, 3, 9.75, 9], "texture": "#0"},
				"west": {"uv": [7.25, 3, 8.75, 9], "texture": "#0"},
				"up": {"uv": [0, 0, 1.5, 1.5], "texture": "#0"},
				"down": {"uv": [0, 0, 1.5, 1.5], "texture": "#0"}
			}
		},
		{
			"name": "Leg5",
			"from": [1.75, 0, 1.25],
			"to": [3.75, 1.5, 3.25],
			"faces": {
				"north": {"uv": [3, 0, 5, 1.5], "texture": "#0"},
				"east": {"uv": [0, 0, 2, 1.5], "texture": "#0"},
				"south": {"uv": [0, 0, 2, 1.5], "texture": "#0"},
				"west": {"uv": [0, 0, 2, 1.5], "texture": "#0"},
				"up": {"uv": [0, 0, 2, 2], "texture": "#0"},
				"down": {"uv": [0, 0, 2, 2], "texture": "#0"}
			}
		},
		{
			"name": "Leg6",
			"from": [1.75, 0, 12],
			"to": [3.75, 1.5, 14],
			"faces": {
				"north": {"uv": [3, 1, 5, 2.5], "texture": "#0"},
				"east": {"uv": [3, 1.5, 5, 3], "texture": "#0"},
				"south": {"uv": [2, 1.5, 4, 3], "texture": "#0"},
				"west": {"uv": [4, 1, 6, 2.5], "texture": "#0"},
				"up": {"uv": [2, 0, 4, 2], "texture": "#0"},
				"down": {"uv": [0, 0, 2, 2], "texture": "#0"}
			}
		},
		{
			"name": "Leg5",
			"from": [2, 1.5, 12.25],
			"to": [3.5, 7.5, 13.75],
			"faces": {
				"north": {"uv": [4, 3, 5.5, 9], "texture": "#0"},
				"east": {"uv": [7.25, 3, 8.75, 9], "texture": "#0"},
				"south": {"uv": [6, 3, 7.5, 9], "texture": "#0"},
				"west": {"uv": [5.25, 3, 6.75, 9], "texture": "#0"},
				"up": {"uv": [0, 0, 1.5, 1.5], "texture": "#0"},
				"down": {"uv": [0, 0, 1.5, 1.5], "texture": "#0"}
			}
		},
		{
			"name": "Leg3",
			"from": [1.75, 7.5, 12],
			"to": [3.75, 9, 14],
			"faces": {
				"north": {"uv": [5, 1, 7, 2.5], "texture": "#0"},
				"east": {"uv": [9, 1, 11, 2.5], "texture": "#0"},
				"south": {"uv": [8, 1, 10, 2.5], "texture": "#0"},
				"west": {"uv": [7, 1, 9, 2.5], "texture": "#0"},
				"down": {"uv": [0, 0, 2, 2], "texture": "#0"}
			}
		},
		{
			"name": "Leg7",
			"from": [12, 0, 12],
			"to": [14, 1.5, 14],
			"faces": {
				"north": {"uv": [7, 1, 9, 2.5], "texture": "#0"},
				"east": {"uv": [5, 1, 7, 2.5], "texture": "#0"},
				"south": {"uv": [4, 1, 6, 2.5], "texture": "#0"},
				"west": {"uv": [8, 1, 10, 2.5], "texture": "#0"},
				"up": {"uv": [0, 0, 2, 2], "texture": "#0"},
				"down": {"uv": [0, 0, 2, 2], "texture": "#0"}
			}
		},
		{
			"name": "Leg6",
			"from": [12.25, 1.5, 12.25],
			"to": [13.75, 7.5, 13.75],
			"faces": {
				"north": {"uv": [5.25, 7, 6.75, 13], "texture": "#0"},
				"east": {"uv": [8.25, 7, 9.75, 13], "texture": "#0"},
				"south": {"uv": [7.25, 3, 8.75, 9], "texture": "#0"},
				"west": {"uv": [6.25, 3, 7.75, 9], "texture": "#0"},
				"up": {"uv": [0, 0, 1.5, 1.5], "texture": "#0"},
				"down": {"uv": [0, 0, 1.5, 1.5], "texture": "#0"}
			}
		},
		{
			"name": "Leg4",
			"from": [12, 7.5, 12],
			"to": [14, 9, 14],
			"faces": {
				"north": {"uv": [5, 1, 7, 2.5], "texture": "#0"},
				"east": {"uv": [9, 1, 11, 2.5], "texture": "#0"},
				"south": {"uv": [8, 1, 10, 2.5], "texture": "#0"},
				"west": {"uv": [7, 1, 9, 2.5], "texture": "#0"},
				"down": {"uv": [0, 0, 2, 2], "texture": "#0"}
			}
		},
		{
			"name": "Beam",
			"from": [2.25, 6, 3],
			"to": [2.75, 7, 12.25],
			"faces": {
				"east": {"uv": [5, 6.5, 13.75, 7.5], "texture": "#0", "rotation": 180},
				"west": {"uv": [6, 8.5, 14.75, 9.5], "texture": "#0"},
				"up": {"uv": [0, 0, 0.5, 8.75], "texture": "#0"},
				"down": {"uv": [0.75, 2, 1.25, 10.75], "texture": "#0", "rotation": 180}
			}
		},
		{
			"name": "Beam",
			"from": [3.75, 7.5, 1.5],
			"to": [12, 8.5, 2],
			"faces": {
				"north": {"uv": [3.75, 4.5, 12, 5.5], "texture": "#0"},
				"east": {"uv": [0, 0, 0.5, 1], "texture": "#0"},
				"south": {"uv": [4, 6.5, 12.25, 7.5], "texture": "#0", "rotation": 180},
				"west": {"uv": [0, 0, 0.5, 1], "texture": "#0"},
				"up": {"uv": [0, 0, 8.25, 0.5], "texture": "#0"},
				"down": {"uv": [4, 5.75, 12.25, 6.25], "texture": "#0"}
			}
		},
		{
			"name": "Seat5",
			"from": [12.75, 14.75, 2],
			"to": [14.25, 15, 4],
			"faces": {
				"north": {"uv": [7.25, 3, 8.75, 3.5], "texture": "#0"},
				"east": {"uv": [2, 1, 4, 1.5], "texture": "#0"},
				"south": {"uv": [0, 0, 1.5, 0.5], "texture": "#0"},
				"west": {"uv": [8, 2.5, 10, 3], "texture": "#0"},
				"up": {"uv": [7.25, 4.75, 8.75, 6.75], "texture": "#0"},
				"down": {"uv": [0, 0, 1.5, 2], "texture": "#0"}
			}
		},
		{
			"name": "Seat6",
			"from": [1.5, 14.75, 2],
			"to": [3, 15, 4],
			"faces": {
				"north": {"uv": [7.25, 3, 8.75, 3.5], "texture": "#0"},
				"east": {"uv": [2, 1, 4, 1.5], "texture": "#0"},
				"south": {"uv": [0, 0, 1.5, 0.5], "texture": "#0"},
				"west": {"uv": [8, 2.5, 10, 3], "texture": "#0"},
				"up": {"uv": [3, 5, 4.5, 7], "texture": "#0"},
				"down": {"uv": [0, 0, 1.5, 2], "texture": "#0"}
			}
		},
		{
			"name": "Beam",
			"from": [3.25, 12, 12.4],
			"to": [12.5, 13, 13.6],
			"faces": {
				"north": {"uv": [4, 2.25, 13.25, 3.25], "texture": "#0"},
				"east": {"uv": [0, 0, 1, 1], "texture": "#0"},
				"south": {"uv": [5.75, 6.25, 15, 7.25], "texture": "#0"},
				"west": {"uv": [0, 0, 1, 1], "texture": "#0", "rotation": 180},
				"up": {"uv": [5.75, 6, 15, 7], "texture": "#0"},
				"down": {"uv": [4.75, 3, 14, 4], "texture": "#0"}
			}
		},
		{
			"name": "Leg_top5",
			"from": [2, 21.15, 12.25],
			"to": [3.5, 23.5, 13.75],
			"faces": {
				"north": {"uv": [0, 0, 1.5, 2.35], "texture": "#0"},
				"east": {"uv": [0, 0, 1.5, 2.35], "texture": "#0"},
				"south": {"uv": [0, 0, 1.5, 2.35], "texture": "#0"},
				"west": {"uv": [0, 0, 1.5, 2.35], "texture": "#0"},
				"up": {"uv": [0, 0, 1.5, 1.5], "texture": "#0"},
				"down": {"uv": [0, 0, 1.5, 1.5], "texture": "#0"}
			}
		},
		{
			"name": "Leg_top6",
			"from": [12.2, 21.15, 12.25],
			"to": [13.7, 23.5, 13.75],
			"faces": {
				"north": {"uv": [0, 0, 1.5, 2.35], "texture": "#0"},
				"east": {"uv": [0, 0, 1.5, 2.35], "texture": "#0"},
				"south": {"uv": [0, 0, 1.5, 2.35], "texture": "#0"},
				"west": {"uv": [0, 0, 1.5, 2.35], "texture": "#0"},
				"up": {"uv": [0, 0, 1.5, 1.5], "texture": "#0"},
				"down": {"uv": [0, 0, 1.5, 1.5], "texture": "#0"}
			}
		}
	],
	"display": {
		"thirdperson_righthand": {
			"rotation": [45, 0, 0],
			"translation": [0, 1, 0],
			"scale": [0.35, 0.35, 0.35]
		},
		"thirdperson_lefthand": {
			"rotation": [45, 0, 0],
			"translation": [0, 1, 0],
			"scale": [0.35, 0.35, 0.35] 
		},
        "firstperson_righthand": {
			"rotation": [-10, 15, 0],
			"translation": [1, 0, 0],
			"scale": [0.4, 0.4, 0.4]
		},
		"firstperson_lefthand": {
			"rotation": [-10, 15, 0],
			"translation": [1, 0, 0],
			"scale": [0.4, 0.4, 0.4]
		},
		"gui": {
			"rotation": [35, -135, 0],
			"translation": [0, -2, 0],
			"scale": [0.5, 0.5, 0.5]
		},
		"head": {
			"rotation": [0, 90, 0],
			"translation": [0, -48.5, 0],
			"scale": [2.3, 2.3, 2.3]
        },
        "ground": {
			"rotation": [0, 0, 0],
			"translation": [0, 1, 0],
			"scale": [0.3, 0.3, 0.3]
		},
		"fixed": {
			"rotation": [0, 0, 0],
			"translation": [0, -3.5, -4.1],
			"scale": [0.8, 0.8, 0.8]
		}
	}
}