{
	"credit": "Made with Blockbench",
	"textures": {
		"1": "block/white_wool",
		"particle": "block/white_wool"
	},
	"elements": [
		{
			"name": "wool",
			"from": [-0.005, 13.76, -0.005],
			"to": [16.005, 14.76, 16.005],
			"faces": {
				"north": {"uv": [0, 9, 16, 10], "texture": "#1"},
				"east": {"uv": [0, 9, 16, 10], "texture": "#1"},
				"south": {"uv": [0, 9, 16, 10], "texture": "#1"},
				"west": {"uv": [0, 9, 16, 10], "texture": "#1"},
				"up": {"uv": [0, 0, 16, 16], "texture": "#1"}
			}
		},
		{
			"name": "wool",
			"from": [-0.005, 12.76, -0.005],
			"to": [1.005, 13.26, 1.005],
			"faces": {
				"north": {"uv": [14.99, 10.5, 16, 11], "texture": "#1"},
				"west": {"uv": [0, 10.5, 1.01, 11], "texture": "#1"},
				"up": {"uv": [0, 10.5, 1.01, 11], "texture": "#1"}
			}
		},
		{
			"name": "wool",
			"from": [-0.005, 13.26, -0.005],
			"to": [16.005, 13.76, 16.005],
			"faces": {
				"north": {"uv": [0, 10, 16, 10.5], "texture": "#1"},
				"east": {"uv": [0, 10, 16, 10.5], "texture": "#1"},
				"south": {"uv": [0, 10, 16, 10.5], "texture": "#1"},
				"west": {"uv": [0, 10, 16, 10.5], "texture": "#1"}
			}
		},
		{
			"name": "wool",
			"from": [-0.005, 12.76, 14.995],
			"to": [1.005, 13.26, 16.005],
			"faces": {
				"south": {"uv": [0, 10.5, 1.01, 11], "texture": "#1"},
				"west": {"uv": [14.99, 10.5, 16, 11], "texture": "#1"},
				"up": {"uv": [0, 10.5, 1.01, 11], "texture": "#1"}
			}
		},
		{
			"name": "wool",
			"from": [14.995, 12.76, 14.995],
			"to": [16.005, 13.26, 16.005],
			"faces": {
				"east": {"uv": [0, 10.5, 1.01, 11], "texture": "#1"},
				"south": {"uv": [14.99, 10.5, 16, 11], "texture": "#1"},
				"up": {"uv": [0, 10.5, 1.01, 11], "texture": "#1"}
			}
		},
		{
			"name": "wool",
			"from": [14.995, 12.76, -0.005],
			"to": [16.005, 13.26, 1.005],
			"faces": {
				"north": {"uv": [0, 10.5, 1.01, 11], "texture": "#1"},
				"east": {"uv": [14.99, 10.5, 16, 11], "texture": "#1"},
				"up": {"uv": [0, 10.5, 1.01, 11], "texture": "#1"}
			}
		},
		{
			"name": "wool",
			"from": [2.995, 12.76, -0.005],
			"to": [13.005, 13.26, 16.005],
			"faces": {
				"north": {"uv": [3, 10.5, 13.00938, 11], "texture": "#1"},
				"south": {"uv": [3, 10.5, 13.00938, 11], "texture": "#1"}
			}
		},
		{
			"name": "wool",
			"from": [3.995, 12.26, -0.005],
			"to": [12.005, 12.76, 16.005],
			"faces": {
				"north": {"uv": [4, 11, 12.00938, 11.5], "texture": "#1"},
				"south": {"uv": [4, 11, 12.00938, 11.5], "texture": "#1"}
			}
		},
		{
			"name": "wool",
			"from": [5.995, 11.76, -0.005],
			"to": [10.005, 12.26, 16.005],
			"faces": {
				"north": {"uv": [6, 11.5, 10.00938, 12], "texture": "#1"},
				"south": {"uv": [6, 11.5, 10.00938, 12], "texture": "#1"}
			}
		},
		{
			"name": "wool",
			"from": [-0.005, 12.76, 2.995],
			"to": [16.005, 13.26, 13.005],
			"faces": {
				"east": {"uv": [3, 10.5, 13.00938, 11], "texture": "#1"},
				"west": {"uv": [3, 10.5, 13.00938, 11], "texture": "#1"}
			}
		},
		{
			"name": "wool",
			"from": [-0.005, 12.26, 3.995],
			"to": [16.005, 12.76, 12.005],
			"faces": {
				"east": {"uv": [4, 11, 12.00938, 11.5], "texture": "#1"},
				"west": {"uv": [4, 11, 12.00938, 11.5], "texture": "#1"}
			}
		},
		{
			"name": "wool",
			"from": [-0.005, 11.76, 5.995],
			"to": [16.005, 12.26, 10.005],
			"faces": {
				"east": {"uv": [6, 11.5, 10.00938, 12], "texture": "#1"},
				"west": {"uv": [6, 11.5, 10.00938, 12], "texture": "#1"}
			}
		}
	],
	"display": {
		"thirdperson_righthand": {
			"scale": [0.85, 0.85, 0.85]
		},
		"thirdperson_lefthand": {
			"rotation": [90, -90, 0],
			"translation": [-6, -2, -10.8],
			"scale": [2.0039, 2.2, 2.0039]
		},
		"firstperson_lefthand": {
			"scale": [0.2, 0.2, 0.2]
		},
		"gui": {
			"rotation": [30, 35, 0],
			"translation": [0, -4, 0],
			"scale": [0.5, 0.5, 0.5]
		},
		"head": {
			"rotation": [0, 90, 0],
			"scale": [2, 2, 2]
		},
		"fixed": {
			"translation": [0, -4, 0],
			"scale": [0.5, 0.5, 0.5]
		}
	}
}