{
	"credit": "Made with Blockbench, a free, modern block model editor by JannisX11",
	"textures": {
		"0": "books/pages",
		"1": "books/green_book",
		"2": "books/leather2",
		"3": "books/white_pages",
		"particle": "books/pages"
	},
	"elements": [
		{
			"name": "paper",
			"from": [6, 0, 0],
			"to": [7, 7, 7],
			"faces": {
				"north": {"uv": [5.5, 0, 9, 14], "texture": "#0"},
				"east": {
					"uv": [0.5, 0.5, 14.5, 14.5],
					"texture": "#0"
				},
				"south": {"uv": [4, 0, 7.5, 14], "texture": "#0"},
				"west": {
					"uv": [0.5, 0.5, 14.5, 14.5],
					"texture": "#0"
				},
				"up": {"uv": [7, 0, 10.5, 14], "texture": "#0"},
				"down": {
					"uv": [8.5, 0.5, 10.5, 14.5],
					"texture": "#0"
				}
			},
			"type": "cube"
		},
		{
			"name": "paper",
			"from": [7.25, 0, 0],
			"to": [8.25, 7, 6.75],
			"faces": {
				"north": {"uv": [0, 0, 3.5, 14.5], "texture": "#0"},
				"east": {
					"uv": [1, 0.5, 15.5, 15.5],
					"texture": "#0"
				},
				"south": {"uv": [5.5, 0, 9, 14.5], "texture": "#0"},
				"west": {"uv": [1, 1, 15.5, 15.5], "texture": "#0"},
				"up": {"uv": [9.5, 1, 13, 15.5], "texture": "#0"},
				"down": {"uv": [0, 0, 1, 7], "texture": "#0"}
			},
			"type": "cube"
		},
		{
			"name": "paper",
			"from": [9, 0.25, 0.5],
			"to": [10, 6.75, 6.5],
			"faces": {
				"north": {"uv": [0, 0, 3.5, 14.5], "texture": "#0"},
				"east": {
					"uv": [1, 0.5, 15.5, 15.5],
					"texture": "#0"
				},
				"south": {"uv": [5.5, 0, 9, 14.5], "texture": "#0"},
				"west": {"uv": [1, 1, 15.5, 15.5], "texture": "#0"},
				"up": {"uv": [9.5, 1, 13, 15.5], "texture": "#0"},
				"down": {"uv": [0, 0, 1, 7], "texture": "#0"}
			},
			"type": "cube"
		},
		{
			"name": "cube",
			"from": [8.75, 0, 0],
			"to": [9, 7.25, 7],
			"faces": {
				"north": {
					"uv": [10, 5.5, 10.25, 12.75],
					"texture": "#2"
				},
				"east": {
					"uv": [7, 5, 14.25, 12.25],
					"texture": "#2"
				},
				"south": {
					"uv": [0, 0, 0.25, 7.25],
					"texture": "#2"
				},
				"west": {
					"uv": [6, 5, 13.25, 12.25],
					"texture": "#2"
				},
				"up": {"uv": [3, 2, 3.25, 9.25], "texture": "#2"},
				"down": {"uv": [0, 0, 0.25, 7.25], "texture": "#2"}
			},
			"type": "cube"
		},
		{
			"name": "cube",
			"from": [10, 0, 0],
			"to": [10.25, 7.25, 7],
			"faces": {
				"north": {
					"uv": [10, 5.5, 10.25, 12.75],
					"texture": "#2"
				},
				"east": {
					"uv": [7, 5, 14.25, 12.25],
					"texture": "#2"
				},
				"south": {
					"uv": [0, 0, 0.25, 7.25],
					"texture": "#2"
				},
				"west": {
					"uv": [6, 5, 13.25, 12.25],
					"texture": "#2"
				},
				"up": {"uv": [3, 2, 3.25, 9.25], "texture": "#2"},
				"down": {"uv": [0, 0, 0.25, 7.25], "texture": "#2"}
			},
			"type": "cube"
		},
		{
			"name": "cube",
			"from": [9, 3, 0.25],
			"to": [10, 3.5, 6.75],
			"faces": {
				"north": {"uv": [0, 0, 1, 0.5], "texture": "#2"},
				"east": {
					"uv": [7, 5, 14.25, 12.25],
					"texture": "#2"
				},
				"south": {"uv": [0, 0, 1, 0.5], "texture": "#2"},
				"west": {
					"uv": [6, 5, 13.25, 12.25],
					"texture": "#2"
				},
				"up": {"uv": [2.5, 2, 3.5, 8.5], "texture": "#2"},
				"down": {"uv": [2.5, 1, 3.5, 7.5], "texture": "#2"}
			},
			"type": "cube"
		},
		{
			"name": "cube",
			"from": [7.15, 3.25, -0.09999999999999964],
			"to": [8.35, 3.75, 6.85],
			"faces": {
				"north": {"uv": [0, 0, 1, 0.5], "texture": "#1"},
				"east": {
					"uv": [0, 0, 6.949999999999999, 0.5],
					"texture": "#1"
				},
				"south": {"uv": [0, 0, 1, 0.5], "texture": "#1"},
				"west": {
					"uv": [0, 0, 6.949999999999999, 0.5],
					"texture": "#1"
				},
				"up": {"uv": [2.5, 2, 3.5, 8.5], "texture": "#1"},
				"down": {"uv": [2.5, 1, 3.5, 7.5], "texture": "#1"}
			},
			"type": "cube"
		},
		{
			"name": "cube",
			"from": [5.9, 3.25, -0.049999999999998934],
			"to": [7.1, 3.75, 7.200000000000001],
			"faces": {
				"north": {"uv": [0, 0, 1, 0.5], "texture": "#2"},
				"east": {"uv": [0, 0, 7.25, 0.5], "texture": "#2"},
				"south": {"uv": [0, 0, 1, 0.5], "texture": "#2"},
				"west": {"uv": [0, 0, 7.25, 0.5], "texture": "#2"},
				"up": {"uv": [2.5, 2, 3.5, 8.5], "texture": "#2"},
				"down": {"uv": [2.5, 1, 3.5, 7.5], "texture": "#2"}
			},
			"type": "cube"
		},
		{
			"name": "paper",
			"from": [10.35, 0, 0],
			"to": [10.6, 8.4, 6.25],
			"faces": {
				"north": {"uv": [0, 0, 1, 14.5], "texture": "#3"},
				"east": {
					"uv": [1, 0.5, 15.5, 15.5],
					"texture": "#3"
				},
				"south": {
					"uv": [5.5, 0, 6.5, 14.5],
					"texture": "#3"
				},
				"west": {"uv": [1, 1, 15.5, 15.5], "texture": "#3"},
				"up": {"uv": [9.5, 1, 10.5, 10.5], "texture": "#3"},
				"down": {"uv": [0, 0, 1, 7], "texture": "#3"}
			},
			"type": "cube"
		},
		{
			"name": "paper",
			"from": [10.65, 0, 0],
			"to": [10.9, 8.5, 6.25],
			"faces": {
				"north": {"uv": [0, 0, 1, 14.5], "texture": "#3"},
				"east": {
					"uv": [1, 0.5, 15.5, 15.5],
					"texture": "#3"
				},
				"south": {
					"uv": [2.5, 0, 3.5, 14.5],
					"texture": "#3"
				},
				"west": {"uv": [1, 1, 15.5, 15.5], "texture": "#3"},
				"up": {
					"uv": [13.5, 1, 14.5, 10.5],
					"texture": "#3"
				},
				"down": {"uv": [0, 0, 1, 7], "texture": "#3"}
			},
			"type": "cube"
		},
		{
			"name": "paper",
			"from": [10.950000000000001, 0, 0.09999999999999964],
			"to": [11.100000000000001, 8.25, 6.1],
			"faces": {
				"north": {"uv": [0, 0, 1, 14.5], "texture": "#3"},
				"east": {
					"uv": [1, 0.5, 15.5, 15.5],
					"texture": "#3"
				},
				"south": {
					"uv": [13.5, 0.5, 14.5, 15],
					"texture": "#3"
				},
				"west": {"uv": [1, 1, 15.5, 15.5], "texture": "#3"},
				"up": {"uv": [1.5, 1.5, 2.5, 11], "texture": "#3"},
				"down": {"uv": [0, 0, 1, 7], "texture": "#3"}
			},
			"type": "cube"
		},
		{
			"name": "paper",
			"from": [11.15, 0, 0.09999999999999964],
			"to": [11.4, 8.65, 6.15],
			"faces": {
				"north": {"uv": [0, 0, 1, 14.5], "texture": "#3"},
				"east": {
					"uv": [1, 0.5, 15.5, 15.5],
					"texture": "#3"
				},
				"south": {
					"uv": [5.5, 0, 6.5, 14.5],
					"texture": "#3"
				},
				"west": {"uv": [1, 1, 15.5, 15.5], "texture": "#3"},
				"up": {
					"uv": [14.5, 2, 15.5, 11.5],
					"texture": "#3"
				},
				"down": {"uv": [0, 0, 1, 7], "texture": "#3"}
			},
			"type": "cube"
		},
		{
			"name": "cube",
			"from": [
				8.799999999999999,
				3.55,
				-0.09999999999999964
			],
			"to": [10.299999999999997, 4.05, 6.35],
			"faces": {
				"north": {"uv": [0, 0, 1, 0.5], "texture": "#1"},
				"east": {
					"uv": [0, 0, 6.949999999999999, 0.5],
					"texture": "#1"
				},
				"south": {"uv": [0, 0, 1, 0.5], "texture": "#1"},
				"west": {
					"uv": [0, 0, 6.949999999999999, 0.5],
					"texture": "#1"
				},
				"up": {"uv": [3.5, 5, 4.5, 11.5], "texture": "#1"},
				"down": {"uv": [3.5, 6.5, 4.5, 13], "texture": "#1"}
			},
			"rotation": {
				"origin": [6.799999999999999, 7.8, 8],
				"axis": "z",
				"angle": 22.5
			},
			"type": "cube"
		},
		{
			"name": "cube",
			"from": [
				8.899999999999999,
				0.7999999999999998,
				-0.09999999999999964
			],
			"to": [10.299999999999999, 1.2999999999999998, 6.35],
			"faces": {
				"north": {"uv": [0, 0, 1, 0.5], "texture": "#1"},
				"east": {
					"uv": [0, 0, 6.949999999999999, 0.5],
					"texture": "#1"
				},
				"south": {"uv": [0, 0, 1, 0.5], "texture": "#1"},
				"west": {
					"uv": [0, 0, 6.949999999999999, 0.5],
					"texture": "#1"
				},
				"up": {"uv": [3.5, 5, 4.5, 11.5], "texture": "#1"},
				"down": {"uv": [2.5, 5, 3.5, 11.5], "texture": "#1"}
			},
			"rotation": {
				"origin": [6.899999999999999, 5.05, 8],
				"axis": "z",
				"angle": 22.5
			},
			"type": "cube"
		}
	],
	"display": {
		"thirdperson_righthand": {
			"rotation": [0, 0, 0],
			"translation": [0, 0, 0],
			"scale": [1, 1, 1]
		},
		"thirdperson_lefthand": {
			"rotation": [0, 0, 90],
			"translation": [-12, 0.5, -2],
			"scale": [1.7, 1.7, 1.7]
		},
		"firstperson_lefthand": {
			"rotation": [0, 0, 0],
			"translation": [0, 0, 0],
			"scale": [1, 1, 1]
		},
		"gui": {
			"rotation": [30, 35, 0],
			"translation": [0, 0, 0],
			"scale": [1, 1, 1]
		},
		"head": {
			"rotation": [0, 0, 0],
			"translation": [0, -15.5, -0.5],
			"scale": [2.25, 2.25, 2.25]
		},
		"fixed": {
			"rotation": [0, 0, 0],
			"translation": [0, 1, 0],
			"scale": [0.5, 0.5, 0.5]
		}
	}
}