{
	"credit": "Made with Blockbench, a free, modern block model editor by JannisX11",
	"textures": {
		"0": "block/anvil",
		"3": "books/pages",
		"7": "books/brown_trim2",
		"8": "books/red_book_trim",
		"particle": "block/anvil"
	},
	"elements": [
		{
			"name": "Book3.1",
			"from": [0.51, 0.5, 3.75],
			"to": [2.01, 6, 7.75],
			"faces": {
				"east": {"uv": [10.5, 8, 14.5, 13.5], "texture": "#7"},
				"south": {"uv": [7.5, 6, 9, 11.5], "texture": "#7"},
				"west": {"uv": [10, 8, 14, 13.5], "texture": "#7"}
			}
		},
		{
			"name": "Paper3.1",
			"from": [0.51, 1, 4],
			"to": [2.01, 5.9, 7.75],
			"faces": {
				"up": {"uv": [8, 5.5, 9.5, 9.25], "texture": "#3"}
			}
		},
		{
			"name": "Book3.2",
			"from": [2.02, 0.5, 3.5],
			"to": [3.52, 6, 7.5],
			"faces": {
				"east": {"uv": [4, 4, 8, 9.5], "texture": "#7"},
				"south": {"uv": [13, 4, 14.5, 9.5], "texture": "#7"},
				"west": {"uv": [8, 4, 12, 9.5], "texture": "#7"}
			}
		},
		{
			"name": "Paper3.2",
			"from": [2.02, 1, 3.5],
			"to": [3.52, 5.85, 7.5],
			"faces": {
				"up": {"uv": [5, 4.5, 6.5, 8.5], "texture": "#3"}
			}
		},
		{
			"name": "Book3.3",
			"from": [4.54, 0.5, 3.5],
			"to": [5.54, 6.25, 7.5],
			"faces": {
				"east": {"uv": [9.5, 1, 13.5, 7], "texture": "#8"},
				"south": {"uv": [10, 1, 11, 7], "texture": "#8"},
				"west": {"uv": [9.5, 1, 13.5, 7], "texture": "#8"}
			}
		},
		{
			"name": "Paper3.3",
			"from": [4.54, 1, 3.75],
			"to": [5.54, 6.1, 7.5],
			"faces": {
				"up": {"uv": [3.5, 4, 4.5, 7.75], "texture": "#3"}
			}
		},
		{
			"name": "Book3.4",
			"from": [5.55, 0.5, 3.5],
			"to": [6.25, 5.5, 6.75],
			"faces": {
				"east": {"uv": [0.5, 2.5, 3.75, 7], "texture": "#8"},
				"south": {"uv": [3, 2.5, 4, 7], "texture": "#8"},
				"west": {"uv": [10, 2.5, 13.25, 7], "texture": "#8"}
			}
		},
		{
			"name": "Paper3.4",
			"from": [5.55, 0.5, 3.5],
			"to": [6.25, 5.3, 6.75],
			"faces": {
				"up": {"uv": [5.5, 10.5, 6.22969, 14.5], "texture": "#3"}
			}
		},
		{
			"name": "Book3.5",
			"from": [3.53, 0.5, 3.3],
			"to": [4.53, 6, 7.3],
			"faces": {
				"east": {"uv": [5.5, 4, 9.5, 9.5], "texture": "#7"},
				"south": {"uv": [4.5, 4, 5.5, 9.5], "texture": "#7"},
				"west": {"uv": [1.5, 4, 5.5, 9.5], "texture": "#7"}
			}
		},
		{
			"name": "Paper3.5",
			"from": [3.53, 1, 3.55],
			"to": [4.53, 5.8, 7.3],
			"faces": {
				"up": {"uv": [10, 5.5, 11, 9.25], "texture": "#3"}
			}
		},
		{
			"name": "BookHolder1",
			"from": [6.25, 0.5, 3.75],
			"to": [6.6, 3.5, 6],
			"faces": {
				"east": {"uv": [0, 0, 2.25, 3], "texture": "#0"},
				"south": {"uv": [0, 0, 0.35, 3], "texture": "#0"},
				"up": {"uv": [0, 0, 0.35, 2.25], "texture": "#0"}
			}
		},
		{
			"name": "BookHolder2",
			"from": [6, 0.5, 3.9],
			"to": [8.1, 0.75, 5.85],
			"faces": {
				"east": {"uv": [0, 0, 1.75, 0.25], "texture": "#0"},
				"south": {"uv": [0, 0, 2.1, 0.25], "texture": "#0"},
				"up": {"uv": [0, 0, 2.1, 1.75], "texture": "#0"}
			}
		}
	],
	"display": {
		"thirdperson_righthand": {
			"rotation": [0, 0, 0],
			"translation": [0, 0, 0]
		},
		"thirdperson_lefthand": {
			"rotation": [0, 0, 90],
			"translation": [-10.55, -10.6, -4.6],
			"scale": [2, 2, 2]
		},
		"firstperson_lefthand": {
			"rotation": [0, 0, 0],
			"translation": [0, 0, 0]
		},
		"gui": {
			"rotation": [30, 35, 0],
			"translation": [0, 0, 0]
		},
		"head": {
			"rotation": [0, 270, 0],
			"translation": [10.75, -9.75, 0],
			"scale": [2.291, 2.225, 2.32]
		},
		"fixed": {
			"rotation": [0, 0, 0],
			"translation": [0, 1, 0],
			"scale": [0.5, 0.5, 0.5]
		}
	}
}