{
    "textures": {
		"0": "block/jungle_planks"
	},
	"elements": [
		{
			"name": "Surface1",
			"from": [0, 11.75, 0],
			"to": [16, 14.75, 16],
			"faces": {
				"north": {"uv": [0, 3, 16, 6], "texture": "#0"},
				"east": {"uv": [0, 11, 16, 14], "texture": "#0"},
				"south": {"uv": [0, 3, 16, 6], "texture": "#0"},
				"west": {"uv": [0, 7, 16, 10], "texture": "#0"},
				"up": {"uv": [0, 0, 16, 16], "texture": "#0", "rotation": 180},
				"down": {"uv": [0, 0, 16, 16], "texture": "#0"}
			}
		},
		{
			"from": [6, 10, 6],
			"to": [10, 12, 10],
			"faces": {
				"north": {"uv": [4, 0, 8, 2], "texture": "#0"},
				"east": {"uv": [1, 0, 5, 2], "texture": "#0"},
				"south": {"uv": [7, 0, 11, 2], "texture": "#0"},
				"west": {"uv": [3, 0, 7, 2], "texture": "#0"},
				"up": {"uv": [0, 0, 4, 4], "texture": "#0"},
				"down": {"uv": [0, 0, 4, 4], "texture": "#0"}
			}
		},
		{
			"from": [8.5, 7, 8.5],
			"to": [9.5, 12, 9.5],
			"faces": {
				"north": {"uv": [0, 0, 1, 5], "texture": "#0"},
				"east": {"uv": [0, 0, 1, 5], "texture": "#0"},
				"south": {"uv": [0, 0, 1, 5], "texture": "#0"},
				"west": {"uv": [0, 0, 1, 5], "texture": "#0"},
				"up": {"uv": [0, 0, 1, 1], "texture": "#0"},
				"down": {"uv": [0, 0, 1, 1], "texture": "#0"}
			}
		},
		{
			"from": [8.5, 7, 6.5],
			"to": [9.5, 12, 7.5],
			"faces": {
				"north": {"uv": [4, 4, 5, 9], "texture": "#0"},
				"east": {"uv": [4, 4, 5, 9], "texture": "#0"},
				"south": {"uv": [4, 4, 5, 9], "texture": "#0"},
				"west": {"uv": [4, 4, 5, 9], "texture": "#0"},
				"up": {"uv": [4, 4, 5, 9], "texture": "#0"},
				"down": {"uv": [4, 4, 5, 9], "texture": "#0"}
			}
		},
		{
			"from": [6.5, 7, 6.5],
			"to": [7.5, 12, 7.5],
			"faces": {
				"north": {"uv": [5, 0, 6, 5], "texture": "#0"},
				"east": {"uv": [5, 0, 6, 5], "texture": "#0"},
				"south": {"uv": [5, 0, 6, 5], "texture": "#0"},
				"west": {"uv": [5, 0, 6, 5], "texture": "#0"},
				"up": {"uv": [5, 0, 6, 5], "texture": "#0"},
				"down": {"uv": [5, 0, 6, 5], "texture": "#0"}
			}
		},
		{
			"from": [6.5, 7, 8.5],
			"to": [7.5, 12, 9.5],
			"faces": {
				"north": {"uv": [6, 4, 7, 9], "texture": "#0"},
				"east": {"uv": [6, 4, 7, 9], "texture": "#0"},
				"south": {"uv": [6, 4, 7, 9], "texture": "#0"},
				"west": {"uv": [6, 4, 7, 9], "texture": "#0"},
				"up": {"uv": [6, 4, 7, 9], "texture": "#0"},
				"down": {"uv": [6, 4, 7, 9], "texture": "#0"}
			}
		},
		{
			"from": [6, 6, 6],
			"to": [10, 8, 10],
			"faces": {
				"north": {"uv": [9, 2, 13, 4], "texture": "#0"},
				"east": {"uv": [4, 6, 8, 8], "texture": "#0"},
				"south": {"uv": [8, 2, 12, 4], "texture": "#0"},
				"west": {"uv": [5, 2, 9, 4], "texture": "#0"},
				"up": {"uv": [5, 0, 9, 4], "texture": "#0"},
				"down": {"uv": [5, 3, 9, 7], "texture": "#0"}
			}
		},
		{
			"from": [8.75, 2, 6.25],
			"to": [9.75, 6, 7.25],
			"faces": {
				"north": {"uv": [0, 4, 1, 8], "texture": "#0"},
				"east": {"uv": [2, 4, 3, 8], "texture": "#0"},
				"south": {"uv": [3, 4, 4, 8], "texture": "#0"},
				"west": {"uv": [1, 4, 2, 8], "texture": "#0"},
				"up": {"uv": [0, 0, 1, 1], "texture": "#0"},
				"down": {"uv": [0, 0, 1, 1], "texture": "#0"}
			}
		},
		{
			"from": [6, 1, 6],
			"to": [10, 2, 10],
			"faces": {
				"north": {"uv": [0, 0, 4, 1], "texture": "#0"},
				"east": {"uv": [0, 0, 4, 1], "texture": "#0"},
				"south": {"uv": [0, 0, 4, 1], "texture": "#0"},
				"west": {"uv": [0, 0, 4, 1], "texture": "#0"},
				"up": {"uv": [0, 0, 4, 4], "texture": "#0"},
				"down": {"uv": [0, 0, 4, 4], "texture": "#0"}
			}
		},
		{
			"from": [9, 1, 5.25],
			"to": [10, 1.5, 6],
			"faces": {
				"north": {"uv": [7, 0, 8, 0.75], "texture": "#0"},
				"east": {"uv": [7, 0, 8, 0.75], "texture": "#0"},
				"south": {"uv": [7, 0, 8, 0.75], "texture": "#0"},
				"west": {"uv": [7, 0, 8, 0.75], "texture": "#0"},
				"up": {"uv": [7, 0, 8, 0.75], "texture": "#0"},
				"down": {"uv": [7, 0, 8, 0.75], "texture": "#0"}
			}
		},
		{
			"from": [10, 1, 6],
			"to": [10.75, 1.5, 7],
			"faces": {
				"north": {"uv": [3, 0, 4, 0.5], "texture": "#0"},
				"east": {"uv": [3, 0, 4, 0.5], "texture": "#0"},
				"south": {"uv": [3, 0, 4, 0.5], "texture": "#0"},
				"west": {"uv": [3, 0, 4, 0.5], "texture": "#0"},
				"up": {"uv": [2, 0, 2.75, 1], "texture": "#0"},
				"down": {"uv": [3, 0, 4, 0.5], "texture": "#0"}
			}
		},
		{
			"from": [9.5, 0.5, 5],
			"to": [11, 1, 6.5],
			"faces": {
				"north": {"uv": [0, 0, 2, 1], "texture": "#0"},
				"east": {"uv": [4, 0, 6, 1], "texture": "#0"},
				"south": {"uv": [5, 1, 7, 2], "texture": "#0"},
				"west": {"uv": [5, 2, 7, 3], "texture": "#0"},
				"up": {"uv": [3, 1, 5, 3], "texture": "#0"},
				"down": {"uv": [4, 1, 6, 3], "texture": "#0"}
			}
		},
		{
			"from": [10, 0, 4.75],
			"to": [11.25, 0.5, 6],
			"faces": {
				"north": {"uv": [3, 2, 4, 3], "texture": "#0"},
				"east": {"uv": [3, 2, 4, 3], "texture": "#0"},
				"south": {"uv": [3, 2, 4, 3], "texture": "#0"},
				"west": {"uv": [3, 2, 4, 3], "texture": "#0"},
				"up": {"uv": [3, 0, 4, 1], "texture": "#0"},
				"down": {"uv": [3, 2, 4, 3], "texture": "#0"}
			}
		},
		{
			"from": [8.75, 2, 8.75],
			"to": [9.75, 6, 9.75],
			"faces": {
				"north": {"uv": [0, 4, 1, 8], "texture": "#0"},
				"east": {"uv": [2, 4, 3, 8], "texture": "#0"},
				"south": {"uv": [2, 4, 3, 8], "texture": "#0"},
				"west": {"uv": [1, 4, 2, 8], "texture": "#0"},
				"up": {"uv": [0, 0, 1, 1], "texture": "#0"},
				"down": {"uv": [0, 0, 1, 1], "texture": "#0"}
			}
		},
		{
			"from": [6.25, 2, 8.75],
			"to": [7.25, 6, 9.75],
			"faces": {
				"north": {"uv": [0, 8, 1, 12], "texture": "#0"},
				"east": {"uv": [2, 4, 3, 8], "texture": "#0"},
				"south": {"uv": [3, 8, 4, 12], "texture": "#0"},
				"west": {"uv": [1, 8, 2, 12], "texture": "#0"},
				"up": {"uv": [0, 0, 1, 1], "texture": "#0"},
				"down": {"uv": [0, 0, 1, 1], "texture": "#0"}
			}
		},
		{
			"from": [6.25, 2, 6.25],
			"to": [7.25, 6, 7.25],
			"faces": {
				"north": {"uv": [6, 8, 7, 12], "texture": "#0"},
				"east": {"uv": [2, 4, 3, 8], "texture": "#0"},
				"south": {"uv": [8, 8, 9, 12], "texture": "#0"},
				"west": {"uv": [7, 8, 8, 12], "texture": "#0"},
				"up": {"uv": [0, 0, 1, 1], "texture": "#0"},
				"down": {"uv": [0, 0, 1, 1], "texture": "#0"}
			}
		},
		{
			"from": [5.75, 1.25, 7],
			"to": [10.25, 1.5, 9],
			"faces": {
				"north": {"uv": [0, 0, 4.5, 0.25], "texture": "#0"},
				"east": {"uv": [0, 0, 2, 0.25], "texture": "#0"},
				"south": {"uv": [0, 0, 4.5, 0.25], "texture": "#0"},
				"west": {"uv": [0, 0, 2, 0.25], "texture": "#0"},
				"up": {"uv": [0, 1, 4, 3], "texture": "#0"},
				"down": {"uv": [0, 0, 4.5, 2], "texture": "#0"}
			}
		},
		{
			"from": [7, 1.25, 5.75],
			"to": [9, 1.5, 10.25],
			"faces": {
				"north": {"uv": [4, 0, 6, 0.25], "texture": "#0"},
				"east": {"uv": [0, 0, 2, 0.25], "texture": "#0"},
				"south": {"uv": [4, 0, 6, 1], "texture": "#0"},
				"west": {"uv": [0, 0, 2, 0.25], "texture": "#0"},
				"up": {"uv": [0, 1, 4, 3], "texture": "#0"},
				"down": {"uv": [0, 0, 4.5, 2], "texture": "#0"}
			}
		},
		{
			"from": [6, 1, 5.25],
			"to": [7, 1.5, 6],
			"faces": {
				"north": {"uv": [7, 0, 8, 0.75], "texture": "#0"},
				"east": {"uv": [7, 0, 8, 0.75], "texture": "#0"},
				"south": {"uv": [7, 0, 8, 0.75], "texture": "#0"},
				"west": {"uv": [7, 0, 8, 0.75], "texture": "#0"},
				"up": {"uv": [7, 0, 8, 0.75], "texture": "#0"},
				"down": {"uv": [7, 0, 8, 0.75], "texture": "#0"}
			}
		},
		{
			"from": [5.25, 1, 6],
			"to": [6, 1.5, 7],
			"faces": {
				"north": {"uv": [3, 0, 4, 0.5], "texture": "#0"},
				"east": {"uv": [3, 0, 4, 0.5], "texture": "#0"},
				"south": {"uv": [3, 0, 4, 0.5], "texture": "#0"},
				"west": {"uv": [3, 0, 4, 0.5], "texture": "#0"},
				"up": {"uv": [2, 0, 2.75, 1], "texture": "#0"},
				"down": {"uv": [3, 0, 4, 0.5], "texture": "#0"}
			}
		},
		{
			"from": [5, 0.5, 5],
			"to": [6.5, 1, 6.5],
			"faces": {
				"north": {"uv": [4, 0, 6, 1], "texture": "#0"},
				"east": {"uv": [4, 0, 6, 1], "texture": "#0"},
				"south": {"uv": [5, 1, 7, 2], "texture": "#0"},
				"west": {"uv": [1, 2, 3, 3], "texture": "#0"},
				"up": {"uv": [5, 1, 7, 3], "texture": "#0"},
				"down": {"uv": [4, 1, 6, 3], "texture": "#0"}
			}
		},
		{
			"from": [4.75, 0, 4.75],
			"to": [6, 0.5, 6],
			"faces": {
				"north": {"uv": [3, 2, 4, 3], "texture": "#0"},
				"east": {"uv": [3, 2, 4, 3], "texture": "#0"},
				"south": {"uv": [3, 2, 4, 3], "texture": "#0"},
				"west": {"uv": [3, 2, 4, 3], "texture": "#0"},
				"up": {"uv": [3, 0, 4, 1], "texture": "#0"},
				"down": {"uv": [3, 2, 4, 3], "texture": "#0"}
			}
		},
		{
			"from": [6, 1, 10],
			"to": [7, 1.5, 10.75],
			"faces": {
				"north": {"uv": [7, 0, 8, 0.75], "texture": "#0"},
				"east": {"uv": [7, 0, 8, 0.75], "texture": "#0"},
				"south": {"uv": [7, 0, 8, 0.75], "texture": "#0"},
				"west": {"uv": [7, 0, 8, 0.75], "texture": "#0"},
				"up": {"uv": [7, 0, 8, 0.75], "texture": "#0"},
				"down": {"uv": [7, 0, 8, 0.75], "texture": "#0"}
			}
		},
		{
			"from": [5.25, 1, 9],
			"to": [6, 1.5, 10],
			"faces": {
				"north": {"uv": [3, 0, 4, 0.5], "texture": "#0"},
				"east": {"uv": [3, 0, 4, 0.5], "texture": "#0"},
				"south": {"uv": [3, 0, 4, 0.5], "texture": "#0"},
				"west": {"uv": [3, 0, 4, 0.5], "texture": "#0"},
				"up": {"uv": [2, 0, 2.75, 1], "texture": "#0"},
				"down": {"uv": [3, 0, 4, 0.5], "texture": "#0"}
			}
		},
		{
			"from": [5, 0.5, 9.5],
			"to": [6.5, 1, 11],
			"faces": {
				"north": {"uv": [4, 0, 6, 1], "texture": "#0"},
				"east": {"uv": [4, 0, 6, 1], "texture": "#0"},
				"south": {"uv": [5, 1, 7, 2], "texture": "#0"},
				"west": {"uv": [1, 2, 3, 3], "texture": "#0"},
				"up": {"uv": [5, 1, 7, 3], "texture": "#0"},
				"down": {"uv": [4, 1, 6, 3], "texture": "#0"}
			}
		},
		{
			"from": [4.75, 0, 10],
			"to": [6, 0.5, 11.25],
			"faces": {
				"north": {"uv": [3, 2, 4, 3], "texture": "#0"},
				"east": {"uv": [3, 2, 4, 3], "texture": "#0"},
				"south": {"uv": [3, 2, 4, 3], "texture": "#0"},
				"west": {"uv": [3, 2, 4, 3], "texture": "#0"},
				"up": {"uv": [3, 0, 4, 1], "texture": "#0"},
				"down": {"uv": [3, 2, 4, 3], "texture": "#0"}
			}
		},
		{
			"from": [9, 1, 10],
			"to": [10, 1.5, 10.75],
			"faces": {
				"north": {"uv": [7, 0, 8, 0.75], "texture": "#0"},
				"east": {"uv": [7, 0, 8, 0.75], "texture": "#0"},
				"south": {"uv": [7, 0, 8, 0.75], "texture": "#0"},
				"west": {"uv": [7, 0, 8, 0.75], "texture": "#0"},
				"up": {"uv": [7, 0, 8, 0.75], "texture": "#0"},
				"down": {"uv": [7, 0, 8, 0.75], "texture": "#0"}
			}
		},
		{
			"from": [10, 1, 9],
			"to": [10.75, 1.5, 10],
			"faces": {
				"north": {"uv": [3, 0, 4, 0.5], "texture": "#0"},
				"east": {"uv": [3, 0, 4, 0.5], "texture": "#0"},
				"south": {"uv": [3, 0, 4, 0.5], "texture": "#0"},
				"west": {"uv": [3, 0, 4, 0.5], "texture": "#0"},
				"up": {"uv": [2, 0, 2.75, 1], "texture": "#0"},
				"down": {"uv": [3, 0, 4, 0.5], "texture": "#0"}
			}
		},
		{
			"from": [9.5, 0.5, 9.5],
			"to": [11, 1, 11],
			"faces": {
				"north": {"uv": [4, 0, 6, 1], "texture": "#0"},
				"east": {"uv": [4, 0, 6, 1], "texture": "#0"},
				"south": {"uv": [5, 1, 7, 2], "texture": "#0"},
				"west": {"uv": [1, 2, 3, 3], "texture": "#0"},
				"up": {"uv": [5, 1, 7, 3], "texture": "#0"},
				"down": {"uv": [4, 1, 6, 3], "texture": "#0"}
			}
		},
		{
			"from": [10, 0, 10],
			"to": [11.25, 0.5, 11.25],
			"faces": {
				"north": {"uv": [3, 2, 4, 3], "texture": "#0"},
				"east": {"uv": [3, 2, 4, 3], "texture": "#0"},
				"south": {"uv": [3, 2, 4, 3], "texture": "#0"},
				"west": {"uv": [3, 2, 4, 3], "texture": "#0"},
				"up": {"uv": [3, 0, 4, 1], "texture": "#0"},
				"down": {"uv": [3, 2, 4, 3], "texture": "#0"}
			}
		},
		{
			"from": [2, 10.75, 6.25],
			"to": [14, 11.25, 9.75],
			"faces": {
				"north": {"uv": [0, 0, 12, 0.5], "texture": "#0"},
				"east": {"uv": [0, 0, 3.5, 0.5], "texture": "#0"},
				"south": {"uv": [0, 0, 12, 0.5], "texture": "#0"},
				"west": {"uv": [0, 0, 3.5, 0.5], "texture": "#0"},
				"up": {"uv": [0, 0, 12, 3.5], "texture": "#0"},
				"down": {"uv": [0, 0, 12, 3.5], "texture": "#0"}
			}
		},
		{
			"from": [6.25, 10.75, 2],
			"to": [9.75, 11.25, 14],
			"faces": {
				"north": {"uv": [0, 0, 3.5, 0.5], "texture": "#0"},
				"east": {"uv": [1, 0, 13, 0.5], "texture": "#0"},
				"south": {"uv": [0, 0, 3.5, 0.5], "texture": "#0"},
				"west": {"uv": [0, 0, 12, 0.5], "texture": "#0"},
				"up": {"uv": [0, 0, 3.5, 12], "texture": "#0"},
				"down": {"uv": [0, 2, 3.5, 14], "texture": "#0"}
			}
		},
		{
			"from": [1, 11.25, 6.25],
			"to": [15, 13.25, 9.75],
			"faces": {
				"north": {"uv": [0, 0, 14, 2], "texture": "#0"},
				"east": {"uv": [0, 0, 3.5, 2], "texture": "#0"},
				"south": {"uv": [0, 0, 14, 2], "texture": "#0"},
				"west": {"uv": [0, 0, 3.5, 2], "texture": "#0"},
				"up": {"uv": [0, 0, 14, 3.5], "texture": "#0"},
				"down": {"uv": [0, 0, 14, 3.5], "texture": "#0"}
			}
		},
		{
			"from": [6.25, 11.25, 1],
			"to": [9.75, 11.75, 15],
			"faces": {
				"north": {"uv": [0, 0, 3.5, 0.5], "texture": "#0"},
				"east": {"uv": [0, 0, 14, 0.5], "texture": "#0"},
				"south": {"uv": [0, 0, 3.5, 0.5], "texture": "#0"},
				"west": {"uv": [0, 2, 14, 2.5], "texture": "#0"},
				"up": {"uv": [0, 0, 3.5, 14], "texture": "#0"},
				"down": {"uv": [0, 0, 3.5, 14], "texture": "#0"}
			}
		}
	],
	"display": {
		"thirdperson_righthand": {
			"rotation": [45, 0, 0],
			"translation": [0, 1, 0],
			"scale": [0.35, 0.35, 0.35]
		},
		"thirdperson_lefthand": {
			"rotation": [45, 0, 0],
			"translation": [0, 1, 0],
			"scale": [0.35, 0.35, 0.35] 
		},
        "firstperson_righthand": {
			"rotation": [-10, 15, 0],
			"translation": [1, 0, 0],
			"scale": [0.4, 0.4, 0.4]
		},
		"firstperson_lefthand": {
			"rotation": [-10, 15, 0],
			"translation": [1, 0, 0],
			"scale": [0.4, 0.4, 0.4]
		},
		"gui": {
			"rotation": [35, -135, 0],
			"translation": [0, -2, 0],
			"scale": [0.5, 0.5, 0.5]
		},
		"head": {
			"rotation": [0, 0, 0],
			"translation": [0, -31.5, 0],
			"scale": [2.29, 2.5, 2.29]
		},
        "ground": {
			"rotation": [0, 0, 0],
			"translation": [0, 1, 0],
			"scale": [0.3, 0.3, 0.3]
		},
		"fixed": {
			"rotation": [0, 0, 0],
			"translation": [0, 0, 0],
			"scale": [0.8, 0.8, 0.8]
		}
	}
}