{
    "parent": "block/crimson_trapdoor_bottom",
    "textures": {
        "texture": "block/crimson_trapdoor",
        "edge": "block/crimson_trapdoor_edge"
	},
	"overrides": [
    
		{ "predicate": {"custom_model_data": 2142}, "model": "table/crimson/crimson_4l"},
        { "predicate": {"custom_model_data": 2143}, "model": "table/crimson/crimson_mid"},
        { "predicate": {"custom_model_data": 2144}, "model": "table/crimson/crimson_1l"},
        { "predicate": {"custom_model_data": 2145}, "model": "table/crimson/crimson_2l"},
        { "predicate": {"custom_model_data": 2146}, "model": "table/crimson/crimson_ml"}
	]
}