{
    "parent": "block/oak_trapdoor_bottom",
    "textures": {
        "texture": "block/oak_trapdoor",
        "edge": "block/oak_trapdoor_edge"
	},
	"overrides": [
    
		{ "predicate": {"custom_model_data": 6550}, "model": "table/oak/oak_4l"},
        { "predicate": {"custom_model_data": 6551}, "model": "table/oak/oak_mid"},
        { "predicate": {"custom_model_data": 6552}, "model": "table/oak/oak_1l"},
        { "predicate": {"custom_model_data": 6553}, "model": "table/oak/oak_2l"},
        { "predicate": {"custom_model_data": 6554}, "model": "table/oak/oak_ml"},
        { "predicate": {"custom_model_data": 6600}, "model": "item/tables_chairs/gold_candelabra"},
        { "predicate": {"custom_model_data": 6601}, "model": "item/tables_chairs/iron_candelabra"},
        { "predicate": {"custom_model_data": 80010}, "model": "bookshelf/oak_bookshelf"},
        { "predicate": {"custom_model_data": 80011}, "model": "bookshelf/spruce_bookshelf"},
        { "predicate": {"custom_model_data": 80012}, "model": "bookshelf/birch_bookshelf"},
        { "predicate": {"custom_model_data": 80013}, "model": "bookshelf/jungle_bookshelf"},
        { "predicate": {"custom_model_data": 80014}, "model": "bookshelf/acacia_bookshelf"},
        { "predicate": {"custom_model_data": 80015}, "model": "bookshelf/dark_oak_bookshelf"},        
        { "predicate": {"custom_model_data": 80016}, "model": "bookshelf/stone_bookshelf"},
        { "predicate": {"custom_model_data": 80017}, "model": "bookshelf/sandstone_bookshelf"},
        { "predicate": {"custom_model_data": 80018}, "model": "bookshelf/cobblestone_bookshelf"},
        { "predicate": {"custom_model_data": 80019}, "model": "bookshelf/brick_bookshelf"},
        { "predicate": {"custom_model_data": 80020}, "model": "bookshelf/stone_brick_bookshelf"},
        { "predicate": {"custom_model_data": 80021}, "model": "bookshelf/nether_brick_bookshelf"},
        { "predicate": {"custom_model_data": 80022}, "model": "bookshelf/quartz_bookshelf"},
        { "predicate": {"custom_model_data": 80023}, "model": "bookshelf/red_sandstone_bookshelf"},
        { "predicate": {"custom_model_data": 80024}, "model": "bookshelf/purpur_bookshelf"},
        { "predicate": {"custom_model_data": 80025}, "model": "bookshelf/prismarine_bookshelf"},
        { "predicate": {"custom_model_data": 80026}, "model": "bookshelf/prismarine_brick_bookshelf"},
        { "predicate": {"custom_model_data": 80027}, "model": "bookshelf/dark_prismarine_bookshelf"},
        { "predicate": {"custom_model_data": 80028}, "model": "bookshelf/polished_granite_bookshelf"},
        { "predicate": {"custom_model_data": 80029}, "model": "bookshelf/polished_diorite_bookshelf"},
        { "predicate": {"custom_model_data": 80030}, "model": "bookshelf/polished_andesite_bookshelf"},
        { "predicate": {"custom_model_data": 80031}, "model": "bookshelf/granite_bookshelf"},
        { "predicate": {"custom_model_data": 80032}, "model": "bookshelf/diorite_bookshelf"},
        { "predicate": {"custom_model_data": 80033}, "model": "bookshelf/andesite_bookshelf"}
	]
}