{
	"credit": "Made with Blockbench, a free, modern block model editor by JannisX11",
	"textures": {
		"1": "block/anvil",
		"2": "block/bone_block_side"
	},
	"elements": [
		{
			"from": [7.5, 1, 7.5],
			"to": [9.5, 9, 9.5],
			"faces": {
				"north": {"uv": [13, 7, 15, 15], "texture": "#1"},
				"east": {"uv": [12, 7, 14, 15], "texture": "#1"},
				"south": {"uv": [13, 7, 15, 15], "texture": "#1"},
				"west": {"uv": [11, 7, 13, 15], "texture": "#1"},
				"up": {"uv": [3, 5, 5, 7], "texture": "#2"},
				"down": {"uv": [0, 0, 2, 2], "texture": "#1"}
			}
		},
		{
			"from": [7, 0.1, 7],
			"to": [10, 1, 10],
			"faces": {
				"north": {"uv": [0, 0, 3, 1], "texture": "#1"},
				"east": {"uv": [0, 0, 3, 1], "texture": "#1"},
				"south": {"uv": [0, 0, 3, 1], "texture": "#1"},
				"west": {"uv": [0, 0, 3, 1], "texture": "#1"},
				"up": {"uv": [11, 12, 14, 15], "texture": "#1"},
				"down": {"uv": [12, 12, 15, 15], "texture": "#1"}
			}
		},
		{
			"from": [6.5, -0.1, 6.5],
			"to": [10.5, 0.5, 10.5],
			"faces": {
				"north": {"uv": [0, 0, 4, 0.5], "texture": "#1"},
				"east": {"uv": [7, 15, 11, 15.5], "texture": "#1"},
				"south": {"uv": [0, 0, 4, 0.5], "texture": "#1"},
				"west": {"uv": [0, 0, 4, 0.5], "texture": "#1"},
				"up": {"uv": [11, 11, 15, 15], "texture": "#1"},
				"down": {"uv": [0, 0, 4, 4], "texture": "#1"}
			}
		},
		{
			"from": [8, 7, 9.5],
			"to": [9, 8, 11.5],
			"faces": {
				"north": {"uv": [0.5, 0.5, 2.5, 1.5], "texture": "#1"},
				"east": {"uv": [0.5, 0.5, 2.5, 1.5], "texture": "#1"},
				"south": {"uv": [0.5, 0.5, 2.5, 1.5], "texture": "#1"},
				"west": {"uv": [0.5, 0.5, 2.5, 1.5], "texture": "#1"},
				"up": {"uv": [15, 11, 16, 13], "texture": "#1"},
				"down": {"uv": [0.5, 0.5, 2.5, 1.5], "texture": "#1"}
			}
		},
		{
			"from": [8, 7, 5.5],
			"to": [9, 8, 7.5],
			"faces": {
				"north": {"uv": [0.5, 0.5, 2.5, 1.5], "texture": "#1"},
				"east": {"uv": [0.5, 0.5, 2.5, 1.5], "texture": "#1"},
				"south": {"uv": [0.5, 0.5, 2.5, 1.5], "texture": "#1"},
				"west": {"uv": [0.5, 0.5, 2.5, 1.5], "texture": "#1"},
				"up": {"uv": [15, 11, 16, 13], "texture": "#1"},
				"down": {"uv": [0.5, 0.5, 2.5, 1.5], "texture": "#1"}
			}
		},
		{
			"from": [8.1, 7.4, 10.95],
			"to": [8.9, 9.4, 11.95],
			"rotation": {"angle": 22.5, "axis": "x", "origin": [8.5, 8.4, 11.45]},
			"faces": {
				"north": {"uv": [0.5, 0.5, 2.5, 1.5], "texture": "#1"},
				"east": {"uv": [0.5, 0.5, 2.5, 1.5], "texture": "#1"},
				"south": {"uv": [0.5, 0.5, 2.5, 1.5], "texture": "#1"},
				"west": {"uv": [0.5, 0.5, 2.5, 1.5], "texture": "#1"},
				"up": {"uv": [0.5, 0.5, 2.5, 1.5], "texture": "#1"},
				"down": {"uv": [0.5, 0.5, 2.5, 1.5], "texture": "#1"}
			}
		},
		{
			"from": [8, 8.5, 11.45],
			"to": [9, 9.5, 13.45],
			"rotation": {"angle": 0, "axis": "x", "origin": [8.5, 9, 12.45]},
			"faces": {
				"north": {"uv": [0.5, 0.5, 2.5, 1.5], "texture": "#1"},
				"east": {"uv": [0.5, 0.5, 2.5, 1.5], "texture": "#1"},
				"south": {"uv": [0.5, 0.5, 2.5, 1.5], "texture": "#1"},
				"west": {"uv": [0.5, 0.5, 2.5, 1.5], "texture": "#1"},
				"up": {"uv": [0.5, 0.5, 2.5, 1.5], "texture": "#1"},
				"down": {"uv": [0.5, 0.5, 2.5, 1.5], "texture": "#1"}
			}
		},
		{
			"from": [8.1, 7.4, 5],
			"to": [8.9, 9.4, 6],
			"rotation": {"angle": -22.5, "axis": "x", "origin": [8.5, 8.4, 5.5]},
			"faces": {
				"north": {"uv": [0.5, 0.5, 2.5, 1.5], "texture": "#1", "rotation": 90},
				"east": {"uv": [0.5, 0.5, 2.5, 1.5], "texture": "#1", "rotation": 90},
				"south": {"uv": [0.5, 0.5, 2.5, 1.5], "texture": "#1", "rotation": 90},
				"west": {"uv": [0.5, 0.5, 2.5, 1.5], "texture": "#1", "rotation": 90},
				"up": {"uv": [0.5, 0.5, 2.5, 1.5], "texture": "#1", "rotation": 90},
				"down": {"uv": [0.5, 0.5, 2.5, 1.5], "texture": "#1", "rotation": 90}
			}
		},
		{
			"from": [8, 8.5, 3.55],
			"to": [9, 9.5, 5.55],
			"rotation": {"angle": 0, "axis": "x", "origin": [8.5, 9, 4.55]},
			"faces": {
				"north": {"uv": [0.5, 0.5, 2.5, 1.5], "texture": "#1"},
				"east": {"uv": [0.5, 0.5, 2.5, 1.5], "texture": "#1"},
				"south": {"uv": [0.5, 0.5, 2.5, 1.5], "texture": "#1"},
				"west": {"uv": [0.5, 0.5, 2.5, 1.5], "texture": "#1"},
				"up": {"uv": [0.5, 0.5, 2.5, 1.5], "texture": "#1"},
				"down": {"uv": [0.5, 0.5, 2.5, 1.5], "texture": "#1"}
			}
		},
		{
			"from": [8.1, 9.2, 12.5],
			"to": [8.85, 11.2, 13.25],
			"faces": {
				"north": {"uv": [6, 7, 6.75, 9], "texture": "#2"},
				"east": {"uv": [11, 3, 11.75, 5], "texture": "#2"},
				"south": {"uv": [2, 2, 2.75, 4], "texture": "#2"},
				"west": {"uv": [1, 2, 1.75, 4], "texture": "#2"},
				"up": {"uv": [0, 0, 0.75, 0.75], "texture": "#2"},
				"down": {"uv": [0, 0, 0.75, 0.75], "texture": "#2"}
			}
		},
		{
			"from": [8.1, 9.3, 3.7],
			"to": [8.85, 11.3, 4.45],
			"faces": {
				"north": {"uv": [3, 5, 3.75, 7], "texture": "#2"},
				"east": {"uv": [11, 0, 11.75, 2], "texture": "#2"},
				"south": {"uv": [1, 6, 1.75, 8], "texture": "#2"},
				"west": {"uv": [0, 0, 0.75, 2], "texture": "#2"},
				"up": {"uv": [0, 0, 0.75, 0.75], "texture": "#2"},
				"down": {"uv": [0, 0, 0.75, 0.75], "texture": "#2"}
			}
		},
		{
			"from": [9.5, 7, 8],
			"to": [11.5, 8, 9],
			"faces": {
				"north": {"uv": [0.5, 0.5, 2.5, 1.5], "texture": "#1"},
				"east": {"uv": [0.5, 0.5, 2.5, 1.5], "texture": "#1"},
				"south": {"uv": [0.5, 0.5, 2.5, 1.5], "texture": "#1"},
				"west": {"uv": [0.5, 0.5, 2.5, 1.5], "texture": "#1"},
				"up": {"uv": [15, 11, 16, 13], "texture": "#1"},
				"down": {"uv": [0.5, 0.5, 2.5, 1.5], "texture": "#1"}
			}
		},
		{
			"from": [5.5, 7, 8],
			"to": [7.5, 8, 9],
			"faces": {
				"north": {"uv": [0.5, 0.5, 2.5, 1.5], "texture": "#1"},
				"east": {"uv": [0.5, 0.5, 2.5, 1.5], "texture": "#1"},
				"south": {"uv": [0.5, 0.5, 2.5, 1.5], "texture": "#1"},
				"west": {"uv": [0.5, 0.5, 2.5, 1.5], "texture": "#1"},
				"up": {"uv": [15, 11, 16, 13], "texture": "#1"},
				"down": {"uv": [0.5, 0.5, 2.5, 1.5], "texture": "#1"}
			}
		},
		{
			"from": [11, 7.35, 8.1],
			"to": [12, 9.35, 8.9],
			"rotation": {"angle": -22.5, "axis": "z", "origin": [11.5, 8.35, 8.5]},
			"faces": {
				"north": {"uv": [0.5, 0.5, 2.5, 1.5], "texture": "#1", "rotation": 90},
				"east": {"uv": [0.5, 0.5, 2.5, 1.5], "texture": "#1", "rotation": 90},
				"south": {"uv": [0.5, 0.5, 2.5, 1.5], "texture": "#1", "rotation": 90},
				"west": {"uv": [0.5, 0.5, 2.5, 1.5], "texture": "#1", "rotation": 90},
				"up": {"uv": [0.5, 0.5, 2.5, 1.5], "texture": "#1", "rotation": 90},
				"down": {"uv": [0.5, 0.5, 2.5, 1.5], "texture": "#1", "rotation": 90}
			}
		},
		{
			"from": [11.4, 8.5, 8],
			"to": [13.4, 9.5, 9],
			"rotation": {"angle": 0, "axis": "z", "origin": [12.4, 9, 8.5]},
			"faces": {
				"north": {"uv": [0.5, 0.5, 2.5, 1.5], "texture": "#1"},
				"east": {"uv": [0.5, 0.5, 2.5, 1.5], "texture": "#1"},
				"south": {"uv": [0.5, 0.5, 2.5, 1.5], "texture": "#1"},
				"west": {"uv": [0.5, 0.5, 2.5, 1.5], "texture": "#1"},
				"up": {"uv": [0.5, 0.5, 2.5, 1.5], "texture": "#1"},
				"down": {"uv": [0.5, 0.5, 2.5, 1.5], "texture": "#1"}
			}
		},
		{
			"from": [12.5, 9.2, 8.1],
			"to": [13.25, 11.2, 8.85],
			"faces": {
				"north": {"uv": [0, 8, 0.75, 10], "texture": "#2"},
				"east": {"uv": [1, 0, 1.75, 2], "texture": "#2"},
				"south": {"uv": [6, 4, 6.75, 6], "texture": "#2"},
				"west": {"uv": [5, 4, 5.75, 6], "texture": "#2"},
				"up": {"uv": [0, 0, 0.75, 0.75], "texture": "#2"},
				"down": {"uv": [0, 0, 0.75, 0.75], "texture": "#2"}
			}
		},
		{
			"from": [5, 7.35, 8.1],
			"to": [6, 9.35, 8.9],
			"rotation": {"angle": 22.5, "axis": "z", "origin": [5.5, 8.35, 8.5]},
			"faces": {
				"north": {"uv": [0.5, 0.5, 2.5, 1.5], "texture": "#1"},
				"east": {"uv": [0.5, 0.5, 2.5, 1.5], "texture": "#1"},
				"south": {"uv": [0.5, 0.5, 2.5, 1.5], "texture": "#1"},
				"west": {"uv": [0.5, 0.5, 2.5, 1.5], "texture": "#1"},
				"up": {"uv": [0.5, 0.5, 2.5, 1.5], "texture": "#1"},
				"down": {"uv": [0.5, 0.5, 2.5, 1.5], "texture": "#1"}
			}
		},
		{
			"from": [3.6, 8.5, 8],
			"to": [5.6, 9.5, 9],
			"rotation": {"angle": 0, "axis": "z", "origin": [4.6, 9, 8.5]},
			"faces": {
				"north": {"uv": [0.5, 0.5, 2.5, 1.5], "texture": "#1"},
				"east": {"uv": [0.5, 0.5, 2.5, 1.5], "texture": "#1"},
				"south": {"uv": [0.5, 0.5, 2.5, 1.5], "texture": "#1"},
				"west": {"uv": [0.5, 0.5, 2.5, 1.5], "texture": "#1"},
				"up": {"uv": [0.5, 0.5, 2.5, 1.5], "texture": "#1"},
				"down": {"uv": [0.5, 0.5, 2.5, 1.5], "texture": "#1"}
			}
		},
		{
			"from": [3.7, 9.2, 8.1],
			"to": [4.45, 11.2, 8.85],
			"faces": {
				"north": {"uv": [1, 1, 1.75, 3], "texture": "#2"},
				"east": {"uv": [10, 11, 10.75, 13], "texture": "#2"},
				"south": {"uv": [0, 7, 0.75, 9], "texture": "#2"},
				"west": {"uv": [9, 5, 9.75, 7], "texture": "#2"},
				"up": {"uv": [0, 0, 0.75, 0.75], "texture": "#2"},
				"down": {"uv": [0, 0, 0.75, 0.75], "texture": "#2"}
			}
		},
		{
			"name": "Thick part",
			"from": [7.3, 0.95, 7.5],
			"to": [7.55, 2.45, 9.5],
			"faces": {
				"north": {"uv": [14, 13, 14.25, 14.5], "texture": "#1"},
				"east": {"uv": [0, 0, 2, 1.5], "texture": "#1"},
				"south": {"uv": [13, 13, 13.25, 14.5], "texture": "#1"},
				"west": {"uv": [12, 13, 14, 14.5], "texture": "#1"},
				"up": {"uv": [8, 15.75, 10, 16], "texture": "#1", "rotation": 90},
				"down": {"uv": [0, 0, 0.25, 2], "texture": "#1"}
			}
		},
		{
			"name": "Thick part",
			"from": [7.5, 0.95, 7.3],
			"to": [9.5, 2.45, 7.55],
			"faces": {
				"north": {"uv": [12, 13, 14, 14.5], "texture": "#1"},
				"east": {"uv": [14, 13, 14.25, 14.5], "texture": "#1"},
				"south": {"uv": [0, 0, 2, 1.5], "texture": "#1"},
				"west": {"uv": [12, 13, 14, 14.5], "texture": "#1"},
				"up": {"uv": [8, 15.5, 10, 15.75], "texture": "#1"},
				"down": {"uv": [0, 0, 2, 0.25], "texture": "#1"}
			}
		},
		{
			"name": "Thick part",
			"from": [9.5, 0.95, 7.5],
			"to": [9.75, 2.45, 9.5],
			"faces": {
				"north": {"uv": [14, 13, 14.25, 14.5], "texture": "#1"},
				"east": {"uv": [12, 13, 14, 14.5], "texture": "#1"},
				"south": {"uv": [14, 13, 14.25, 14.5], "texture": "#1"},
				"west": {"uv": [12, 13, 14, 14.5], "texture": "#1"},
				"up": {"uv": [8, 15.75, 10, 16], "texture": "#1", "rotation": 90},
				"down": {"uv": [0, 0, 0.25, 2], "texture": "#1"}
			}
		},
		{
			"name": "Thick part",
			"from": [7.5, 0.95, 9.5],
			"to": [9.5, 2.45, 9.75],
			"faces": {
				"north": {"uv": [12, 13, 14, 14.5], "texture": "#1"},
				"east": {"uv": [14, 13, 14.25, 14.5], "texture": "#1"},
				"south": {"uv": [12, 13, 14, 14.5], "texture": "#1"},
				"west": {"uv": [14, 13, 14.25, 14.5], "texture": "#1"},
				"up": {"uv": [8, 15.5, 10, 15.75], "texture": "#1"},
				"down": {"uv": [0, 0, 2, 0.25], "texture": "#1"}
			}
		},
		{
			"name": "Thick part",
			"from": [7.3, 7.45, 7.5],
			"to": [7.55, 8.95, 9.5],
			"faces": {
				"north": {"uv": [14, 13, 14.25, 14.5], "texture": "#1"},
				"east": {"uv": [0, 0, 2, 1.5], "texture": "#1"},
				"south": {"uv": [13, 13, 13.25, 14.5], "texture": "#1"},
				"west": {"uv": [12, 13, 14, 14.5], "texture": "#1"},
				"up": {"uv": [8, 15.75, 10, 16], "texture": "#1", "rotation": 90},
				"down": {"uv": [0, 0, 0.25, 2], "texture": "#1"}
			}
		},
		{
			"name": "Thick part",
			"from": [7.5, 7.45, 7.3],
			"to": [9.5, 8.95, 7.55],
			"faces": {
				"north": {"uv": [12, 13, 14, 14.5], "texture": "#1"},
				"east": {"uv": [14, 13, 14.25, 14.5], "texture": "#1"},
				"south": {"uv": [0, 0, 2, 1.5], "texture": "#1"},
				"west": {"uv": [12, 13, 14, 14.5], "texture": "#1"},
				"up": {"uv": [8, 15.5, 10, 15.75], "texture": "#1"},
				"down": {"uv": [0, 0, 2, 0.25], "texture": "#1"}
			}
		},
		{
			"name": "Thick part",
			"from": [9.5, 7.45, 7.5],
			"to": [9.75, 8.95, 9.5],
			"faces": {
				"north": {"uv": [14, 13, 14.25, 14.5], "texture": "#1"},
				"east": {"uv": [12, 13, 14, 14.5], "texture": "#1"},
				"south": {"uv": [14, 13, 14.25, 14.5], "texture": "#1"},
				"west": {"uv": [12, 13, 14, 14.5], "texture": "#1"},
				"up": {"uv": [8, 15.75, 10, 16], "texture": "#1", "rotation": 90},
				"down": {"uv": [0, 0, 0.25, 2], "texture": "#1"}
			}
		},
		{
			"name": "Thick part",
			"from": [7.5, 7.45, 9.5],
			"to": [9.5, 8.95, 9.75],
			"faces": {
				"north": {"uv": [12, 13, 14, 14.5], "texture": "#1"},
				"east": {"uv": [14, 13, 14.25, 14.5], "texture": "#1"},
				"south": {"uv": [12, 13, 14, 14.5], "texture": "#1"},
				"west": {"uv": [14, 13, 14.25, 14.5], "texture": "#1"},
				"up": {"uv": [8, 15.5, 10, 15.75], "texture": "#1"},
				"down": {"uv": [0, 0, 2, 0.25], "texture": "#1"}
			}
		}
	],
	"display": {
		"thirdperson_righthand": {
			"translation": [0, 5, 0]
		},
		"thirdperson_lefthand": {
			"translation": [0, 5, 0]
		},
		"firstperson_righthand": {
			"translation": [0, 4, 0]
		},
		"firstperson_lefthand": {
			"translation": [0, 4, 0]
		},
		"ground": {
			"scale": [0.75, 0.75, 0.75],
			"translation": [0, 1.5, 0]
		},
		"head": {
			"rotation": [0, 0, 0],
			"translation": [-1.25, 5, -1.25],
			"scale": [2.5, 2.5, 2.5]
		},
		"fixed": {
			"scale": [1.5, 1.5, 1.5],
			"rotation": [0, 45, 0],
			"translation": [-1, 2.5, 0]
		}
	}
}