{
	"credit": "Made with Blockbench, a free, modern block model editor by JannisX11",
	"textures": {
		"0": "block/birch_planks",
		"1": "block/bone_block_side",
		"2": "block/lapis_block",
		"particle": "block/bone_block_side"
	},
	"elements": [
		{
			"name": "Surface1",
			"from": [0, 11.75, 0],
			"to": [16, 14.75, 16],
			"faces": {
				"north": {"uv": [0, 3, 16, 6], "texture": "#0"},
				"east": {"uv": [0, 11, 16, 14], "texture": "#0"},
				"south": {"uv": [0, 3, 16, 6], "texture": "#0"},
				"west": {"uv": [0, 7, 16, 10], "texture": "#0"},
				"up": {"uv": [0, 0, 16, 16], "texture": "#0", "rotation": 180},
				"down": {"uv": [0, 0, 16, 16], "texture": "#0"}
			}
		},
		{
			"name": "Plate",
			"from": [5.5, 14.75, 1.5],
			"to": [10.5, 15.25, 6.5],
			"faces": {
				"north": {"uv": [5, 9, 10, 14], "texture": "#1"},
				"east": {"uv": [5, 9, 10, 14], "texture": "#1"},
				"south": {"uv": [5, 9, 10, 14], "texture": "#1"},
				"west": {"uv": [5, 9, 10, 14], "texture": "#1"},
				"up": {"uv": [5, 6, 10, 11], "texture": "#1"},
				"down": {"uv": [5, 9, 10, 14], "texture": "#1"}
			}
		},
		{
			"name": "Plate",
			"from": [5, 15, 1.5],
			"to": [5.5, 15.5, 6.5],
			"faces": {
				"north": {"uv": [0, 0, 0.5, 0.5], "texture": "#1"},
				"east": {"uv": [6, 8, 11, 8.5], "texture": "#1"},
				"south": {"uv": [0, 0, 0.5, 0.5], "texture": "#1"},
				"west": {"uv": [6, 0, 11, 0.5], "texture": "#1"},
				"up": {"uv": [6, 2, 6.5, 7], "texture": "#1", "rotation": 180},
				"down": {"uv": [0, 0, 0.5, 5], "texture": "#1"}
			}
		},
		{
			"name": "Plate",
			"from": [10.5, 15, 1.5],
			"to": [11, 15.5, 6.5],
			"faces": {
				"north": {"uv": [0, 0, 0.5, 0.5], "texture": "#1"},
				"east": {"uv": [5, 0, 10, 0.5], "texture": "#1"},
				"south": {"uv": [0, 0, 0.5, 0.5], "texture": "#1"},
				"west": {"uv": [6, 2, 11, 2.5], "texture": "#1"},
				"up": {"uv": [12, 8, 12.5, 13], "texture": "#1"},
				"down": {"uv": [0, 0, 0.5, 5], "texture": "#1"}
			}
		},
		{
			"name": "Plate",
			"from": [5.5, 15, 1],
			"to": [10.5, 15.5, 1.5],
			"faces": {
				"north": {"uv": [5, 0, 10, 0.5], "texture": "#1"},
				"east": {"uv": [0, 0, 0.5, 0.5], "texture": "#1"},
				"south": {"uv": [6, 8, 11, 8.5], "texture": "#1"},
				"west": {"uv": [0, 0, 0.5, 0.5], "texture": "#1"},
				"up": {"uv": [5, 8, 10, 8.5], "texture": "#1"},
				"down": {"uv": [0, 0, 5, 0.5], "texture": "#1"}
			}
		},
		{
			"name": "Plate",
			"from": [5.5, 15, 6.5],
			"to": [10.5, 15.5, 7],
			"faces": {
				"north": {"uv": [0, 0, 5, 0.5], "texture": "#1"},
				"east": {"uv": [0, 0, 0.5, 0.5], "texture": "#1"},
				"south": {"uv": [0, 0, 5, 0.5], "texture": "#1"},
				"west": {"uv": [0, 0, 0.5, 0.5], "texture": "#1"},
				"up": {"uv": [9, 11, 14, 11.5], "texture": "#1"},
				"down": {"uv": [0, 0, 5, 0.5], "texture": "#1"}
			}
		},
		{
			"name": "Silverware",
			"from": [3.85, 14.75, 3.25],
			"to": [4.25, 15, 5.5],
			"faces": {
				"north": {"uv": [0, 0, 0.4, 0.25], "texture": "#2"},
				"east": {"uv": [0, 0, 2.25, 0.25], "texture": "#2"},
				"south": {"uv": [0, 0, 0.4, 0.25], "texture": "#2"},
				"west": {"uv": [0, 0, 2.25, 0.25], "texture": "#2"},
				"up": {"uv": [0, 0, 0.4, 2.25], "texture": "#2"},
				"down": {"uv": [0, 0, 0.4, 2.25], "texture": "#2"}
			}
		},
		{
			"name": "Silverware",
			"from": [3.85, 14.75, 2],
			"to": [4.25, 15, 3.25],
			"faces": {
				"north": {"uv": [0, 0, 0.4, 0.25], "texture": "#1"},
				"east": {"uv": [0, 0, 1.25, 0.25], "texture": "#1"},
				"south": {"uv": [0, 0, 0.4, 0.25], "texture": "#1"},
				"west": {"uv": [0, 0, 1.25, 0.25], "texture": "#1"},
				"up": {"uv": [3, 1, 3.4, 2.25], "texture": "#1"},
				"down": {"uv": [0, 0, 0.4, 1.25], "texture": "#1"}
			}
		},
		{
			"name": "Silverware",
			"from": [11.65, 14.7, 2],
			"to": [11.95, 14.95, 4.5],
			"faces": {
				"north": {"uv": [0, 0, 0.4, 0.25], "texture": "#1"},
				"east": {"uv": [0, 0, 1.25, 0.25], "texture": "#1"},
				"south": {"uv": [0, 0, 0.4, 0.25], "texture": "#1"},
				"west": {"uv": [0, 0, 1.25, 0.25], "texture": "#1"},
				"up": {"uv": [3, 1, 3.4, 2.25], "texture": "#1"},
				"down": {"uv": [0, 0, 0.4, 1.25], "texture": "#1"}
			}
		},
		{
			"name": "Silverware",
			"from": [11.6, 14.75, 4.5],
			"to": [12, 15, 5.25],
			"faces": {
				"north": {"uv": [0, 0, 0.4, 0.25], "texture": "#2"},
				"east": {"uv": [0, 0, 0.75, 0.25], "texture": "#2"},
				"south": {"uv": [0, 0, 0.4, 0.25], "texture": "#2"},
				"west": {"uv": [0, 0, 0.75, 0.25], "texture": "#2"},
				"up": {"uv": [0, 0, 0.4, 0.75], "texture": "#2"},
				"down": {"uv": [0, 0, 0.4, 0.75], "texture": "#2"}
			}
		},
		{
			"name": "Silverware",
			"from": [3, 14.75, 4.5],
			"to": [3.6, 14.9, 5.25],
			"faces": {
				"north": {"uv": [0, 0, 0.6, 0.15], "texture": "#2"},
				"east": {"uv": [0, 0, 0.75, 0.15], "texture": "#2"},
				"south": {"uv": [0, 0, 0.6, 0.15], "texture": "#2"},
				"west": {"uv": [0, 0, 0.75, 0.15], "texture": "#2"},
				"up": {"uv": [0, 0, 0.6, 0.75], "texture": "#2"},
				"down": {"uv": [0, 0, 0.6, 0.75], "texture": "#2"}
			}
		},
		{
			"name": "Silverware",
			"from": [3.15, 14.7, 2],
			"to": [3.45, 14.95, 4.5],
			"faces": {
				"north": {"uv": [0, 0, 0.4, 0.25], "texture": "#1"},
				"east": {"uv": [0, 0, 1.25, 0.25], "texture": "#1"},
				"south": {"uv": [0, 0, 0.4, 0.25], "texture": "#1"},
				"west": {"uv": [0, 0, 1.25, 0.25], "texture": "#1"},
				"up": {"uv": [3, 1, 3.4, 2.25], "texture": "#1"},
				"down": {"uv": [0, 0, 0.4, 1.25], "texture": "#1"}
			}
		}
	],
	"display": {
		"thirdperson_righthand": {
			"rotation": [90, 0, 0],
			"translation": [-6, -2, -10.8],
			"scale": [2.003, 2.1925, 2.003]
		},
		"thirdperson_lefthand": {
			"rotation": [0, -90, 0],
			"translation": [0, 8, 0],
			"scale": [1.5, 1.2, 1.5]
		},
		"firstperson_lefthand": {
			"rotation": [0, -90, 0],
			"translation": [-10, 0, 0],
			"scale": [0.5, 0.5, 0.5]
		},
		"gui": {
			"rotation": [0, 90, 0],
			"translation": [0, 0, 0]
		},
		"head": {
			"rotation": [0, 0, 0],
			"translation": [0, -31.5, 0],
			"scale": [2.29, 2.5, 2.29]
		},
		"fixed": {
			"rotation": [0, 90, 0],
			"translation": [0, 0, 0]
		}
	}
}