{
	"credit": "Made with Blockbench, a free, modern block model editor by JannisX11",
	"textures": {
		"0": "block/oak_planks"
	},
	"elements": [
		{
			"name": "Surface2",
			"from": [0.85, 10.75, 0.01],
			"to": [15.15, 12.75, 15.16],
			"faces": {
				"north": {"uv": [0, 0, 15, 2], "texture": "#0", "rotation": 180},
				"east": {"uv": [0, 0, 15, 2], "texture": "#0"},
				"south": {"uv": [0, 0, 15, 2], "texture": "#0"},
				"west": {"uv": [0, 0, 15, 2], "texture": "#0"},
				"down": {"uv": [1, 1, 15.25, 16], "texture": "#0"}
			}
		},
		{
			"name": "Top Leg 1",
			"from": [0.75, 8.25, 12.75],
			"to": [3.25, 11.75, 15.25],
			"faces": {
				"north": {"uv": [4.5, 4, 7, 7.5], "texture": "#0"},
				"east": {"uv": [11.5, 4, 14, 7.5], "texture": "#0"},
				"south": {"uv": [9, 4, 11.5, 7.5], "texture": "#0"},
				"west": {"uv": [6.5, 4, 9, 7.5], "texture": "#0"},
				"down": {"uv": [0, 0, 2.5, 2.5], "texture": "#0"}
			}
		},
		{
			"from": [13, 0, 13],
			"to": [15, 8.25, 15],
			"faces": {
				"north": {"uv": [4, 7.5, 6, 15.75], "texture": "#0"},
				"east": {"uv": [9, 7.5, 11, 15.75], "texture": "#0"},
				"south": {"uv": [7, 7.5, 9, 15.75], "texture": "#0"},
				"west": {"uv": [6, 7.5, 8, 15.75], "texture": "#0"},
				"down": {"uv": [8, 5, 10, 7], "texture": "#0"}
			}
		},
		{
			"from": [1, 0, 13],
			"to": [3, 8.25, 15],
			"faces": {
				"north": {"uv": [11, 3.5, 13, 11.75], "texture": "#0"},
				"east": {"uv": [9, 3.5, 11, 11.75], "texture": "#0"},
				"south": {"uv": [7, 3.5, 9, 11.75], "texture": "#0"},
				"west": {"uv": [12, 3.5, 14, 11.75], "texture": "#0"},
				"down": {"uv": [3, 5.5, 5, 7.5], "texture": "#0"}
			}
		},
		{
			"name": "Beam1",
			"from": [1.25, 10.25, 6.25],
			"to": [2.75, 10.75, 13],
			"faces": {
				"north": {"uv": [0, 0, 1.5, 0.5], "texture": "#0"},
				"east": {"uv": [5.5, 2, 12.25, 2.5], "texture": "#0", "rotation": 180},
				"west": {"uv": [5.5, 1, 12.25, 1.5], "texture": "#0"},
				"down": {"uv": [5.5, 1.5, 12.25, 3], "texture": "#0", "rotation": 270}
			}
		},
		{
			"name": "Beam2",
			"from": [13.25, 10.25, 6.25],
			"to": [14.75, 10.75, 13],
			"faces": {
				"north": {"uv": [0, 0, 1.5, 0.5], "texture": "#0"},
				"east": {"uv": [5.5, 1.5, 12.25, 2], "texture": "#0", "rotation": 180},
				"west": {"uv": [5.5, 2.5, 12.25, 3], "texture": "#0"},
				"down": {"uv": [5.5, 1.5, 12.25, 3], "texture": "#0", "rotation": 270}
			}
		},
		{
			"name": "Beam4",
			"from": [2.75, 10.25, 13.25],
			"to": [13.25, 10.75, 14.75],
			"faces": {
				"north": {"uv": [3, 4.5, 13.5, 5], "texture": "#0"},
				"south": {"uv": [3, 2.5, 13.5, 3], "texture": "#0"},
				"down": {"uv": [3, 3, 13.5, 4.5], "texture": "#0"}
			}
		},
		{
			"name": "Top Leg 3",
			"from": [12.75, 8.25, 12.75],
			"to": [15.25, 11.75, 15.25],
			"faces": {
				"north": {"uv": [5.5, 0, 8, 3.5], "texture": "#0"},
				"east": {"uv": [3, 0, 5.5, 3.5], "texture": "#0"},
				"south": {"uv": [0.5, 0, 3, 3.5], "texture": "#0"},
				"west": {"uv": [8, 0, 10.5, 3.5], "texture": "#0"},
				"down": {"uv": [0, 0, 2.5, 2.5], "texture": "#0"}
			}
		},
		{
			"from": [1.5, 9.25, 11.75],
			"to": [2.5, 10.25, 12.75],
			"faces": {
				"north": {"uv": [5.5, 3.5, 6.5, 4.5], "texture": "#0"},
				"east": {"uv": [6.5, 3, 7.5, 4], "texture": "#0"},
				"south": {"uv": [0, 0, 1, 1], "texture": "#0"},
				"west": {"uv": [6, 3, 7, 4], "texture": "#0"},
				"up": {"uv": [0, 0, 1, 1], "texture": "#0"},
				"down": {"uv": [0, 0, 1, 1], "texture": "#0"}
			}
		},
		{
			"from": [13.5, 9.25, 11.75],
			"to": [14.5, 10.25, 12.75],
			"faces": {
				"north": {"uv": [4, 3, 5, 4], "texture": "#0"},
				"east": {"uv": [1, 3, 2, 4], "texture": "#0"},
				"south": {"uv": [0, 0, 1, 1], "texture": "#0"},
				"west": {"uv": [2, 3, 3, 4], "texture": "#0"},
				"up": {"uv": [0, 0, 1, 1], "texture": "#0"},
				"down": {"uv": [0, 3, 1, 4], "texture": "#0"}
			}
		},
		{
			"from": [13.5, 9.75, 11.25],
			"to": [14.5, 10.75, 11.75],
			"faces": {
				"north": {"uv": [3, 9, 4, 10], "texture": "#0"},
				"east": {"uv": [3, 2, 3.5, 3], "texture": "#0"},
				"west": {"uv": [3, 2, 3.5, 3], "texture": "#0"},
				"down": {"uv": [0, 3, 1, 3.5], "texture": "#0"}
			}
		},
		{
			"from": [1.5, 9.75, 11.25],
			"to": [2.5, 10.75, 11.75],
			"faces": {
				"north": {"uv": [5, 10, 6, 11], "texture": "#0"},
				"east": {"uv": [3, 2, 3.5, 3], "texture": "#0"},
				"west": {"uv": [6, 4, 6.5, 5], "texture": "#0"},
				"down": {"uv": [0, 3, 1, 3.5], "texture": "#0"}
			}
		},
		{
			"from": [1.5, 8.75, 12.25],
			"to": [2.5, 9.25, 12.75],
			"faces": {
				"north": {"uv": [3, 2, 4, 2.5], "texture": "#0"},
				"east": {"uv": [3, 0, 3.5, 0.5], "texture": "#0"},
				"west": {"uv": [3, 0, 3.5, 0.5], "texture": "#0"},
				"down": {"uv": [2, 0, 3, 0.5], "texture": "#0"}
			}
		},
		{
			"from": [13.5, 8.75, 12.25],
			"to": [14.5, 9.25, 12.75],
			"faces": {
				"north": {"uv": [4, 2, 5, 2.5], "texture": "#0"},
				"east": {"uv": [7, 0, 7.5, 0.5], "texture": "#0"},
				"west": {"uv": [4, 4, 4.5, 4.5], "texture": "#0"},
				"down": {"uv": [4, 1, 5, 1.5], "texture": "#0"}
			}
		}
	],
	"display": {
		"thirdperson_righthand": {
			"rotation": [0, -90, 0],
			"translation": [0, 8, 0]
		},
		"thirdperson_lefthand": {
			"rotation": [0, -90, 0],
			"translation": [0, 8, 0],
			"scale": [1.5, 1.2, 1.5]
		},
		"firstperson_lefthand": {
			"rotation": [0, -90, 0],
			"translation": [-10, 0, 0],
			"scale": [0.5, 0.5, 0.5]
		},
		"gui": {
			"rotation": [0, 90, 0],
			"translation": [0, 0, 0]
		},
		"head": {
			"rotation": [0, 0, 0],
			"translation": [0, -31.5, 0],
			"scale": [2.29, 2.5, 2.29]
		},
		"fixed": {
			"rotation": [0, 90, 0],
			"translation": [0, 0, 0]
		}
	}
}