{
	"credit": "Made with Blockbench, a free, modern block model editor by JannisX11",
	"textures": {
		"0": "block/crimson_planks"
	},
	"elements": [
		{
			"name": "Surface2",
			"from": [0.75, 10.75, 7],
			"to": [15.25, 12.75, 15.25],
			"faces": {
				"east": {"uv": [0.5, 9, 15, 11], "texture": "#0"},
				"south": {"uv": [1, 0, 15.5, 2], "texture": "#0"},
				"west": {"uv": [0.5, 4, 15, 6], "texture": "#0"}
			}
		},
		{
			"name": "Leg 1",
			"from": [13, 1.25, 13],
			"to": [15, 9, 15],
			"faces": {
				"north": {"uv": [6, 3, 8, 10.75], "texture": "#0"},
				"east": {"uv": [4, 3, 6, 10.75], "texture": "#0"},
				"south": {"uv": [10, 3, 12, 10.75], "texture": "#0"},
				"west": {"uv": [8, 3, 10, 10.75], "texture": "#0"}
			}
		},
		{
			"name": "Top Leg 1",
			"from": [12.75, 9, 12.75],
			"to": [15.25, 10.75, 15.25],
			"faces": {
				"north": {"uv": [9, 2, 11, 4], "texture": "#0"},
				"east": {"uv": [8, 2, 10, 4], "texture": "#0"},
				"south": {"uv": [7, 2, 9, 4], "texture": "#0"},
				"west": {"uv": [11, 2, 13, 4], "texture": "#0"},
				"up": {"uv": [14, 10, 16, 12], "texture": "#0"},
				"down": {"uv": [6, 11, 8, 13], "texture": "#0"}
			}
		},
		{
			"name": "Leg Foot 1",
			"from": [12.9, -0.25, 12.9],
			"to": [15.1, 1.25, 15.1],
			"faces": {
				"north": {"uv": [7, 3.5, 9, 5], "texture": "#0"},
				"east": {"uv": [6, 3.5, 8, 5], "texture": "#0"},
				"south": {"uv": [7, 3.5, 9, 5], "texture": "#0"},
				"west": {"uv": [6, 3.5, 8, 5], "texture": "#0"},
				"up": {"uv": [7, 3, 9, 5], "texture": "#0"},
				"down": {"uv": [7, 4, 9, 5.5], "texture": "#0"}
			}
		},
		{
			"name": "Dec4-3",
			"from": [3, 8.5, 13.25],
			"to": [13, 9, 14.75],
			"faces": {
				"north": {"uv": [3.5, 3, 13.5, 3.5], "texture": "#0"},
				"east": {"uv": [0, 0, 1.5, 0.5], "texture": "#0"},
				"south": {"uv": [2.5, 4.5, 12.5, 5], "texture": "#0"},
				"west": {"uv": [0, 0, 1.5, 0.5], "texture": "#0"},
				"up": {"uv": [2.5, 3.5, 12.5, 5], "texture": "#0"},
				"down": {"uv": [2.5, 6, 12.5, 7.5], "texture": "#0"}
			}
		},
		{
			"name": "Top Leg 7",
			"from": [13, 10.75, 13],
			"to": [15, 13.25, 15],
			"faces": {
				"north": {"uv": [5, 6, 7, 8.5], "texture": "#0"},
				"east": {"uv": [7, 6, 9, 8.5], "texture": "#0"},
				"south": {"uv": [1, 6, 3, 8.5], "texture": "#0"},
				"west": {"uv": [3, 6, 5, 8.5], "texture": "#0"},
				"up": {"uv": [0, 0, 2, 2], "texture": "#0"},
				"down": {"uv": [0, 0, 2, 2], "texture": "#0"}
			}
		},
		{
			"name": "Top Leg 6",
			"from": [1, 10.75, 13],
			"to": [3, 13.25, 15],
			"faces": {
				"north": {"uv": [5, 6, 7, 8.5], "texture": "#0"},
				"east": {"uv": [7, 6, 9, 8.5], "texture": "#0"},
				"south": {"uv": [1, 6, 3, 8.5], "texture": "#0"},
				"west": {"uv": [3, 6, 5, 8.5], "texture": "#0"},
				"up": {"uv": [0, 0, 2, 2], "texture": "#0"},
				"down": {"uv": [0, 0, 2, 2], "texture": "#0"}
			}
		},
		{
			"name": "Dec4-4",
			"from": [14, 10.25, 11.25],
			"to": [15, 11.75, 13],
			"faces": {
				"north": {"uv": [3, 0, 4, 1.5], "texture": "#0"},
				"east": {"uv": [1, 4, 2.75, 5.5], "texture": "#0"},
				"south": {"uv": [0, 0, 1, 1.5], "texture": "#0"},
				"west": {"uv": [3, 0, 4.75, 1.5], "texture": "#0"},
				"up": {"uv": [0, 0, 1, 1.75], "texture": "#0", "rotation": 90},
				"down": {"uv": [0, 0, 1, 1.75], "texture": "#0", "rotation": 90}
			}
		},
		{
			"name": "Leg 4",
			"from": [1, 1.25, 13],
			"to": [3, 9, 15],
			"faces": {
				"north": {"uv": [6, 7, 8, 14.75], "texture": "#0"},
				"east": {"uv": [4, 7, 6, 14.75], "texture": "#0"},
				"south": {"uv": [10, 7, 12, 14.75], "texture": "#0"},
				"west": {"uv": [8, 7, 10, 14.75], "texture": "#0"}
			}
		},
		{
			"name": "Leg Foot 4",
			"from": [0.9, -0.25, 12.9],
			"to": [3.1, 1.25, 15.1],
			"faces": {
				"north": {"uv": [8, 6, 10, 7.5], "texture": "#0", "rotation": 180},
				"east": {"uv": [6, 6, 8, 7.5], "texture": "#0", "rotation": 180},
				"south": {"uv": [12, 6, 14, 7.5], "texture": "#0", "rotation": 180},
				"west": {"uv": [10, 6, 12, 7.5], "texture": "#0", "rotation": 180},
				"up": {"uv": [8, 6, 10, 7.5], "texture": "#0", "rotation": 180},
				"down": {"uv": [8, 6, 10, 7.5], "texture": "#0", "rotation": 180}
			}
		},
		{
			"name": "Top Leg 4",
			"from": [0.75, 9, 12.75],
			"to": [3.25, 10.75, 15.25],
			"faces": {
				"north": {"uv": [9, 2, 11, 4], "texture": "#0"},
				"east": {"uv": [8, 2, 10, 4], "texture": "#0"},
				"south": {"uv": [7, 2, 9, 4], "texture": "#0"},
				"west": {"uv": [11, 2, 13, 4], "texture": "#0"},
				"up": {"uv": [14, 10, 16, 12], "texture": "#0"},
				"down": {"uv": [6, 11, 8, 13], "texture": "#0"}
			}
		},
		{
			"name": "Dec5-5",
			"from": [14, 9.75, 11.75],
			"to": [14.75, 10.25, 12.75],
			"faces": {
				"north": {"uv": [5, 2, 5.75, 2.5], "texture": "#0"},
				"east": {"uv": [4, 2, 5, 2.5], "texture": "#0"},
				"south": {"uv": [0, 0, 1, 0.5], "texture": "#0"},
				"west": {"uv": [5.5, 2, 6.5, 2.5], "texture": "#0"},
				"up": {"uv": [0, 0, 1, 1], "texture": "#0", "rotation": 90},
				"down": {"uv": [0, 0, 1, 1], "texture": "#0", "rotation": 90}
			}
		},
		{
			"name": "Dec6-6",
			"from": [14, 9.25, 12.25],
			"to": [14.5, 9.75, 12.75],
			"faces": {
				"north": {"uv": [3, 2, 3.5, 2.5], "texture": "#0"},
				"east": {"uv": [3, 2, 3.5, 2.5], "texture": "#0"},
				"south": {"uv": [3, 2, 3.5, 2.5], "texture": "#0"},
				"west": {"uv": [3, 2, 3.5, 2.5], "texture": "#0"},
				"up": {"uv": [3, 2, 3.5, 2.5], "texture": "#0", "rotation": 90},
				"down": {"uv": [3, 2, 3.5, 2.5], "texture": "#0", "rotation": 90}
			}
		},
		{
			"name": "Dec5-5",
			"from": [1, 10.25, 11.25],
			"to": [2, 11.75, 13],
			"faces": {
				"north": {"uv": [3, 0, 4, 1.5], "texture": "#0"},
				"east": {"uv": [1, 4, 2.75, 5.5], "texture": "#0"},
				"south": {"uv": [0, 0, 1, 1.5], "texture": "#0"},
				"west": {"uv": [3, 0, 4.75, 1.5], "texture": "#0"},
				"up": {"uv": [0, 0, 1, 1.75], "texture": "#0", "rotation": 90},
				"down": {"uv": [0, 0, 1, 1.75], "texture": "#0", "rotation": 90}
			}
		},
		{
			"name": "Dec6-6",
			"from": [1.25, 9.75, 11.75],
			"to": [2, 10.25, 12.75],
			"faces": {
				"north": {"uv": [5, 2, 5.75, 2.5], "texture": "#0"},
				"east": {"uv": [4, 2, 5, 2.5], "texture": "#0"},
				"south": {"uv": [0, 0, 1, 0.5], "texture": "#0"},
				"west": {"uv": [5.5, 2, 6.5, 2.5], "texture": "#0"},
				"up": {"uv": [0, 0, 1, 1], "texture": "#0", "rotation": 90},
				"down": {"uv": [0, 0, 1, 1], "texture": "#0", "rotation": 90}
			}
		},
		{
			"name": "Dec7-7",
			"from": [1.5, 9.25, 12.25],
			"to": [2, 9.75, 12.75],
			"faces": {
				"north": {"uv": [3, 2, 3.5, 2.5], "texture": "#0"},
				"east": {"uv": [3, 2, 3.5, 2.5], "texture": "#0"},
				"south": {"uv": [3, 2, 3.5, 2.5], "texture": "#0"},
				"west": {"uv": [3, 2, 3.5, 2.5], "texture": "#0"},
				"up": {"uv": [3, 2, 3.5, 2.5], "texture": "#0", "rotation": 90},
				"down": {"uv": [3, 2, 3.5, 2.5], "texture": "#0", "rotation": 90}
			}
		}
	],
	"display": {
		"thirdperson_righthand": {
			"rotation": [0, -90, 0],
			"translation": [0, 8, 0]
		},
		"thirdperson_lefthand": {
			"rotation": [0, -90, 0],
			"translation": [0, 0, 0],
			"scale": [1.5, 1.2, 1.5]
		},
		"firstperson_lefthand": {
			"rotation": [0, -90, 0],
			"translation": [-10, 0, 0],
			"scale": [0.5, 0.5, 0.5]
		},
		"gui": {
			"rotation": [0, 90, 0],
			"translation": [0, 0, 0]
		},
		"head": {
			"rotation": [0, 0, 0],
			"translation": [0, -31.5, 0],
			"scale": [2.29, 2.5, 2.29]
		},
		"fixed": {
			"rotation": [0, 90, 0],
			"translation": [0, 0, 0]
		}
	}
}