{
	"credit": "Made with Blockbench, a free, modern block model editor by JannisX11",
	"textures": {
		"0": "books/pages",
		"1": "books/red_book",
		"2": "books/leather2",
		"4": "books/black_pages"
	},
	"elements": [
		{
			"name": "Cover 1",
			"from": [6.25, 0, 0],
			"to": [6.5, 8.25, 6.5],
			"faces": {
				"north": {
					"uv": [0, 0, 0.25, 8.25],
					"texture": "#1"
				},
				"east": {"uv": [0, 0, 6.5, 8.25], "texture": "#1"},
				"south": {
					"uv": [0, 0, 0.25, 8.25],
					"texture": "#1"
				},
				"west": {"uv": [0, 0, 6.5, 8.25], "texture": "#1"},
				"up": {"uv": [3, 5.5, 3.25, 12], "texture": "#1"},
				"down": {"uv": [0, 0, 0.25, 6.5], "texture": "#1"}
			},
			"type": "cube"
		},
		{
			"name": "Cover 2",
			"from": [7.75, 0, 0],
			"to": [8, 8.25, 6.5],
			"faces": {
				"north": {
					"uv": [0, 0, 0.25, 8.25],
					"texture": "#1"
				},
				"east": {"uv": [0, 0, 6.5, 8.25], "texture": "#1"},
				"south": {
					"uv": [0, 0, 0.25, 8.25],
					"texture": "#1"
				},
				"west": {"uv": [0, 0, 6.5, 8.25], "texture": "#1"},
				"up": {"uv": [3, 5.5, 3.25, 12], "texture": "#1"},
				"down": {"uv": [0, 0, 0.25, 6.5], "texture": "#1"}
			},
			"type": "cube"
		},
		{
			"name": "Pages",
			"from": [6.5, 0.25, 0.25],
			"to": [7.75, 8, 6.5],
			"faces": {
				"north": {"uv": [2, 0, 5.5, 16], "texture": "#0"},
				"east": {"uv": [0, 0, 6.25, 8.5], "texture": "#0"},
				"south": {"uv": [0, 0, 5, 16], "texture": "#0"},
				"west": {"uv": [0, 0, 6.25, 8.5], "texture": "#0"},
				"up": {"uv": [1.5, 0, 5, 13.75], "texture": "#0"},
				"down": {"uv": [0, 0, 2, 6.25], "texture": "#0"}
			},
			"type": "cube"
		},
		{
			"name": "Binding",
			"from": [6.5, 0, 6.5],
			"to": [7.75, 8.25, 7],
			"faces": {
				"north": {
					"uv": [0, 0, 1.25, 8.25],
					"texture": "#1"
				},
				"east": {"uv": [0, 0, 0.5, 8.25], "texture": "#1"},
				"south": {"uv": [9, 0, 10, 8.25], "texture": "#1"},
				"west": {"uv": [0, 0, 0.5, 8.25], "texture": "#1"},
				"up": {"uv": [0, 0, 1.25, 0.5], "texture": "#1"},
				"down": {"uv": [0, 0, 1.25, 0.5], "texture": "#1"}
			},
			"type": "cube"
		},
		{
			"name": "Pages",
			"from": [8.4, 0.75, 0.5],
			"to": [8.9, 6.75, 6.5],
			"faces": {
				"north": {"uv": [11, 0, 15, 16], "texture": "#0"},
				"east": {"uv": [0, 0, 6.25, 8.5], "texture": "#0"},
				"south": {"uv": [0, 0, 5, 16], "texture": "#0"},
				"west": {"uv": [0, 0, 6.25, 8.5], "texture": "#0"},
				"up": {"uv": [0, 0, 3, 15.75], "texture": "#0"},
				"down": {"uv": [0, 0, 2, 6.25], "texture": "#0"}
			},
			"type": "cube"
		},
		{
			"name": "Pages",
			"from": [8.9, 0.5, 0.25],
			"to": [9.05, 7, 6.5],
			"faces": {
				"north": {"uv": [0, 0, 0.25, 7], "texture": "#2"},
				"east": {"uv": [4, 6, 10.75, 13], "texture": "#2"},
				"south": {
					"uv": [0.5, 7, 0.75, 14],
					"texture": "#2"
				},
				"west": {"uv": [0, 0, 6.75, 7], "texture": "#2"},
				"up": {
					"uv": [0, 0, 0.25, 6.75],
					"texture": "#2",
					"rotation": 180
				},
				"down": {"uv": [0, 0, 0.25, 6.75], "texture": "#2"}
			},
			"type": "cube"
		},
		{
			"name": "Pages",
			"from": [8.25, 0.5, 0.25],
			"to": [8.4, 7, 6.5],
			"faces": {
				"north": {"uv": [0, 0, 0.25, 7], "texture": "#2"},
				"east": {
					"uv": [7.5, 8, 14.25, 15],
					"texture": "#2"
				},
				"south": {
					"uv": [4.5, 6, 4.75, 13],
					"texture": "#2"
				},
				"west": {"uv": [5, 8, 11.75, 15], "texture": "#2"},
				"up": {
					"uv": [0, 0, 0.25, 6.75],
					"texture": "#2",
					"rotation": 180
				},
				"down": {"uv": [0, 0, 0.25, 6.75], "texture": "#2"}
			},
			"type": "cube"
		},
		{
			"name": "Pages",
			"from": [8.4, 0.5, 6.5],
			"to": [8.9, 7, 6.65],
			"faces": {
				"north": {"uv": [0, 0, 0.5, 7], "texture": "#2"},
				"east": {"uv": [9, 7, 9.5, 14], "texture": "#2"},
				"south": {"uv": [7.5, 8, 8, 15], "texture": "#2"},
				"west": {
					"uv": [0.5, 7.5, 0.75, 14.5],
					"texture": "#2"
				},
				"up": {"uv": [0, 0, 0.5, 0.25], "texture": "#2"},
				"down": {"uv": [0, 0, 0.5, 0.25], "texture": "#2"}
			},
			"type": "cube"
		},
		{
			"name": "Pages",
			"from": [9.3, 0.75, 0.5],
			"to": [9.8, 6.5, 6.25],
			"faces": {
				"north": {"uv": [3, 0, 7, 16], "texture": "#0"},
				"east": {"uv": [0, 0, 6.25, 8.5], "texture": "#0"},
				"south": {"uv": [0, 0, 5, 16], "texture": "#0"},
				"west": {"uv": [0, 0, 6.25, 8.5], "texture": "#0"},
				"up": {"uv": [4.5, 0, 7.5, 15.75], "texture": "#0"},
				"down": {"uv": [0, 0, 2, 6.25], "texture": "#0"}
			},
			"type": "cube"
		},
		{
			"name": "Pages",
			"from": [9.8, 0.5, 0.25],
			"to": [9.950000000000001, 6.75, 6.25],
			"faces": {
				"north": {
					"uv": [0, 0, 0.15000000000000036, 7],
					"texture": "#2"
				},
				"east": {"uv": [0, 0, 6.25, 7], "texture": "#2"},
				"south": {
					"uv": [0, 0, 0.15000000000000036, 7],
					"texture": "#2"
				},
				"west": {"uv": [0, 0, 6.25, 7], "texture": "#2"},
				"up": {
					"uv": [0, 0, 0.15000000000000036, 6.25],
					"texture": "#2",
					"rotation": 180
				},
				"down": {
					"uv": [0, 0, 0.15000000000000036, 6.25],
					"texture": "#2"
				}
			},
			"type": "cube"
		},
		{
			"name": "Pages",
			"from": [9.3, 0.5, 6.25],
			"to": [9.8, 6.75, 6.4],
			"faces": {
				"north": {"uv": [0, 0, 0.5, 7], "texture": "#2"},
				"east": {
					"uv": [0, 0, 0.15000000000000036, 7],
					"texture": "#2"
				},
				"south": {"uv": [0, 0, 0.5, 7], "texture": "#2"},
				"west": {
					"uv": [0, 0, 0.15000000000000036, 7],
					"texture": "#2"
				},
				"up": {
					"uv": [0, 0, 0.5, 0.15000000000000036],
					"texture": "#2"
				},
				"down": {
					"uv": [0, 0, 0.5, 0.15000000000000036],
					"texture": "#2"
				}
			},
			"type": "cube"
		},
		{
			"name": "Pages",
			"from": [9.15, 0.5, 0.25],
			"to": [9.3, 6.75, 6.25],
			"faces": {
				"north": {
					"uv": [0, 0, 0.15000000000000036, 7],
					"texture": "#2"
				},
				"east": {"uv": [0, 0, 6.25, 7], "texture": "#2"},
				"south": {
					"uv": [0, 0, 0.15000000000000036, 7],
					"texture": "#2"
				},
				"west": {"uv": [0, 0, 6.25, 7], "texture": "#2"},
				"up": {
					"uv": [0, 0, 0.15000000000000036, 6.25],
					"texture": "#2",
					"rotation": 180
				},
				"down": {
					"uv": [0, 0, 0.15000000000000036, 6.25],
					"texture": "#2"
				}
			},
			"type": "cube"
		},
		{
			"name": "Pages",
			"from": [10.200000000000001, 0.75, 0.5],
			"to": [10.700000000000001, 6.75, 6.5],
			"faces": {
				"north": {"uv": [3.5, 0, 5.5, 15], "texture": "#4"},
				"east": {"uv": [0, 0, 6.25, 8.5], "texture": "#4"},
				"south": {"uv": [0, 0, 5, 16], "texture": "#4"},
				"west": {"uv": [0, 0, 6.25, 8.5], "texture": "#4"},
				"up": {"uv": [4, 0, 6.5, 15.75], "texture": "#4"},
				"down": {"uv": [0, 0, 2, 6.25], "texture": "#4"}
			},
			"type": "cube"
		},
		{
			"name": "Pages",
			"from": [10.700000000000001, 0.5, 0.25],
			"to": [10.850000000000001, 7, 6.5],
			"faces": {
				"north": {"uv": [0, 0, 0.25, 7], "texture": "#2"},
				"east": {"uv": [7, 7, 13.75, 14], "texture": "#2"},
				"south": {
					"uv": [0.5, 7, 0.75, 14],
					"texture": "#2"
				},
				"west": {"uv": [0, 0, 6.75, 7], "texture": "#2"},
				"up": {
					"uv": [0, 0, 0.25, 6.75],
					"texture": "#2",
					"rotation": 180
				},
				"down": {"uv": [0, 0, 0.25, 6.75], "texture": "#2"}
			},
			"type": "cube"
		},
		{
			"name": "Pages",
			"from": [10.200000000000001, 0.5, 6.5],
			"to": [10.700000000000001, 7, 6.65],
			"faces": {
				"north": {"uv": [0, 0, 0.5, 7], "texture": "#2"},
				"east": {
					"uv": [11, 6.5, 11.25, 13.5],
					"texture": "#2"
				},
				"south": {
					"uv": [7, 6.5, 7.5, 13.5],
					"texture": "#2"
				},
				"west": {
					"uv": [0.5, 7.5, 0.75, 14.5],
					"texture": "#2"
				},
				"up": {"uv": [0, 0, 0.5, 0.25], "texture": "#2"},
				"down": {"uv": [0, 0, 0.5, 0.25], "texture": "#2"}
			},
			"type": "cube"
		},
		{
			"name": "Pages",
			"from": [10.05, 0.5, 0.25],
			"to": [10.200000000000001, 7, 6.5],
			"faces": {
				"north": {"uv": [0, 0, 0.25, 7], "texture": "#2"},
				"east": {
					"uv": [7.5, 8, 14.25, 15],
					"texture": "#2"
				},
				"south": {"uv": [9, 6, 9.25, 13], "texture": "#2"},
				"west": {"uv": [6, 8, 12.75, 15], "texture": "#2"},
				"up": {
					"uv": [0, 0, 0.25, 6.75],
					"texture": "#2",
					"rotation": 180
				},
				"down": {"uv": [0, 0, 0.25, 6.75], "texture": "#2"}
			},
			"type": "cube"
		},
		{
			"name": "Cover 3",
			"from": [10.9, 0.25, 0],
			"to": [11.15, 7.5, 6.5],
			"faces": {
				"north": {"uv": [7, 0, 7.25, 8], "texture": "#4"},
				"east": {"uv": [8.5, 0, 15, 8], "texture": "#4"},
				"south": {"uv": [8.5, 0, 8.75, 8], "texture": "#4"},
				"west": {"uv": [0.5, 0, 7, 8], "texture": "#4"},
				"up": {"uv": [0, 0, 0.25, 6.5], "texture": "#4"},
				"down": {"uv": [0, 0, 0.25, 6.5], "texture": "#4"}
			},
			"type": "cube"
		},
		{
			"name": "Pages",
			"from": [11.15, 0.5, 0.5],
			"to": [11.85, 7, 6],
			"faces": {
				"north": {"uv": [3.5, 0, 6, 16], "texture": "#0"},
				"east": {
					"uv": [2.5, 2.5, 12.75, 13.5],
					"texture": "#0"
				},
				"south": {"uv": [4, 0, 6.5, 16], "texture": "#0"},
				"west": {"uv": [0, 0, 6.25, 8.5], "texture": "#0"},
				"up": {"uv": [1.5, 0, 5, 13.75], "texture": "#0"},
				"down": {"uv": [0, 0, 2, 6.25], "texture": "#0"}
			},
			"type": "cube"
		},
		{
			"name": "Cover 4",
			"from": [11.1, 0.34999999999999964, 1.5],
			"to": [11.95, 7.15, 2],
			"faces": {
				"north": {
					"uv": [6.5, 3, 7.15, 10.55],
					"texture": "#4"
				},
				"east": {
					"uv": [6, 1.5, 6.5, 9.05],
					"texture": "#4"
				},
				"south": {
					"uv": [8.5, 2.5, 9.15, 10.05],
					"texture": "#4"
				},
				"west": {
					"uv": [0, 0, 0.5, 7.550000000000001],
					"texture": "#4"
				},
				"up": {
					"uv": [0, 0, 0.6500000000000004, 0.5],
					"texture": "#4"
				},
				"down": {
					"uv": [0, 0, 0.6500000000000004, 0.5],
					"texture": "#4"
				}
			},
			"type": "cube"
		},
		{
			"name": "Cover 5",
			"from": [11.1, 0.34999999999999964, 4.5],
			"to": [11.95, 7.15, 5],
			"faces": {
				"north": {
					"uv": [6.5, 2.5, 7.15, 10.05],
					"texture": "#4"
				},
				"east": {
					"uv": [5.5, 0.5, 6, 8.05],
					"texture": "#4"
				},
				"south": {
					"uv": [10.5, 3, 11.15, 10.55],
					"texture": "#4"
				},
				"west": {
					"uv": [0, 0, 0.5, 7.550000000000001],
					"texture": "#4"
				},
				"up": {"uv": [5, 3, 5.65, 3.5], "texture": "#4"},
				"down": {
					"uv": [0, 0, 0.6500000000000004, 0.5],
					"texture": "#4"
				}
			},
			"type": "cube"
		}
	],
	"display": {
		"thirdperson_righthand": {
			"rotation": [0, 0, 0],
			"translation": [0, 0, 0],
			"scale": [1, 1, 1]
		},
		"thirdperson_lefthand": {
			"rotation": [0, 0, 90],
			"translation": [-12, 1, -2],
			"scale": [1.7, 1.7, 1.7]
		},
		"firstperson_lefthand": {
			"rotation": [0, 0, 0],
			"translation": [0, 0, 0],
			"scale": [1, 1, 1]
		},
		"gui": {
			"rotation": [30, 35, 0],
			"translation": [0, 0, 0],
			"scale": [1, 1, 1]
		},
		"head": {
			"rotation": [0, 0, 0],
			"translation": [0, -15.5, -0.5],
			"scale": [2.25, 2.25, 2.25]
		},
		"fixed": {
			"rotation": [0, 0, 0],
			"translation": [0, 1, 0],
			"scale": [0.5, 0.5, 0.5]
		}
	}
}