{
	"credit": "Made with Blockbench",
	"textures": {
		"0": "block/dark_oak_planks"
	},
	"elements": [
		{
			"from": [7.3, 11, 1.25],
			"to": [8.7, 11.7, 14.75],
			"faces": {
				"north": {"uv": [1, 3, 2.4, 3.7], "texture": "#0"},
				"east": {"uv": [0.5, 3, 13.5, 3.7], "texture": "#0"},
				"south": {"uv": [0, 3, 1.4, 3.7], "texture": "#0"},
				"west": {"uv": [0, 1, 13, 1.7], "texture": "#0"},
				"down": {"uv": [14.5, 0, 16, 13], "texture": "#0"}
			}
		},
		{
			"from": [0.5, 11.4, 0.5],
			"to": [15.5, 12.75, 15.5],
			"faces": {
				"north": {"uv": [0, 7.5, 16, 8.5], "texture": "#0"},
				"east": {"uv": [0, 3.5, 16, 4.5], "texture": "#0"},
				"south": {"uv": [0, 3.5, 16, 4.5], "texture": "#0"},
				"west": {"uv": [0, 7.5, 16, 8.5], "texture": "#0"},
				"down": {"uv": [0.5, 0, 15.5, 15], "rotation": 180, "texture": "#0"}
			}
		},
		{
			"from": [1.3, 11, 7.25],
			"to": [14.8, 11.7, 8.65],
			"faces": {
				"north": {"uv": [3, 2.5, 16, 3.2], "texture": "#0"},
				"east": {"uv": [7, 2.5, 8.4, 3.2], "texture": "#0"},
				"south": {"uv": [3, 2.5, 16, 3.2], "texture": "#0"},
				"west": {"uv": [0, 0, 1.4, 0.7], "texture": "#0"},
				"down": {"uv": [0, 0, 13, 1.4], "texture": "#0"}
			}
		},
		{
			"from": [0, 12.75, 0],
			"to": [16, 14.75, 16],
			"faces": {
				"north": {"uv": [0, 3, 16, 5], "texture": "#0"},
				"east": {"uv": [0, 11, 16, 13], "texture": "#0"},
				"south": {"uv": [0, 3, 16, 5], "texture": "#0"},
				"west": {"uv": [0, 7, 16, 9], "texture": "#0"},
				"up": {"uv": [0, 0, 16, 16], "rotation": 180, "texture": "#0"},
				"down": {"uv": [0, 0, 16, 16], "rotation": 180, "texture": "#0"}
			}
		},
		{
			"from": [6.5, 3.5, 6.5],
			"to": [9.5, 12, 9.5],
			"faces": {
				"north": {"uv": [9.5, 5.5, 12.5, 15], "texture": "#0"},
				"east": {"uv": [4.5, 5.5, 7.5, 15], "texture": "#0"},
				"south": {"uv": [13, 5, 16, 14.5], "texture": "#0"},
				"west": {"uv": [0, 5.5, 3, 15], "texture": "#0"},
				"down": {"uv": [0, 0, 3, 3], "texture": "#0"}
			}
		},
		{
			"from": [6, 7, 6],
			"to": [10, 9, 10],
			"faces": {
				"north": {"uv": [0.5, 3.5, 4.5, 5.5], "texture": "#0"},
				"east": {"uv": [4.5, 3.5, 8.5, 5.5], "texture": "#0"},
				"south": {"uv": [4.5, 3.5, 8.5, 5.5], "texture": "#0"},
				"west": {"uv": [12, 3.5, 16, 5.5], "texture": "#0"},
				"up": {"uv": [4, 0, 8, 4], "texture": "#0"},
				"down": {"uv": [4.5, 0, 8.5, 4], "texture": "#0"}
			}
		},
		{
			"from": [8.55, 1.35, 6.5],
			"to": [14.55, 2.35, 9.5],
			"rotation": {"angle": -22.5, "axis": "z", "origin": [14.05, 1.85, 8]},
			"faces": {
				"north": {"uv": [0, 0, 6, 1], "texture": "#0"},
				"east": {"uv": [0, 0, 3, 1], "texture": "#0"},
				"south": {"uv": [0, 0, 6, 1], "texture": "#0"},
				"west": {"uv": [0, 0, 3, 1], "texture": "#0"},
				"up": {"uv": [0, 0, 6, 3], "texture": "#0"},
				"down": {"uv": [0, 0, 6, 3], "texture": "#0"}
			}
		},
		{
			"from": [6.55, 2.29329, 8.8097],
			"to": [9.55, 3.29329, 14.8097],
			"rotation": {"angle": 22.5, "axis": "x", "origin": [8.05, 2.79329, 11.8097]},
			"faces": {
				"north": {"uv": [0, 0, 3, 1], "texture": "#0"},
				"east": {"uv": [0, 0, 6, 1], "texture": "#0"},
				"south": {"uv": [0, 0, 3, 1], "texture": "#0"},
				"west": {"uv": [0, 0, 6, 1], "texture": "#0"},
				"up": {"uv": [0, 0, 3, 6], "texture": "#0"},
				"down": {"uv": [0, 0, 3, 6], "texture": "#0"}
			}
		},
		{
			"from": [6.5, 0, 13.75],
			"to": [9.5, 2.1, 14.75],
			"faces": {
				"north": {"uv": [0, 0, 3, 2.1], "texture": "#0"},
				"east": {"uv": [0, 0, 1, 2.1], "texture": "#0"},
				"south": {"uv": [0, 0, 3, 2.1], "texture": "#0"},
				"west": {"uv": [0, 0, 1, 2.1], "texture": "#0"},
				"up": {"uv": [0, 0, 3, 1], "texture": "#0"},
				"down": {"uv": [0, 0, 3, 1], "texture": "#0"}
			}
		},
		{
			"from": [13.75, 0, 6.5],
			"to": [14.75, 2.1, 9.5],
			"faces": {
				"north": {"uv": [0, 0, 1, 2.1], "texture": "#0"},
				"east": {"uv": [0, 0, 3, 2.1], "texture": "#0"},
				"south": {"uv": [0, 0, 1, 2.1], "texture": "#0"},
				"west": {"uv": [0, 0, 3, 2.1], "texture": "#0"},
				"up": {"uv": [0, 0, 1, 3], "texture": "#0"},
				"down": {"uv": [0, 0, 1, 3], "texture": "#0"}
			}
		},
		{
			"from": [1.1903, 2.29329, 6.5],
			"to": [7.1903, 3.29329, 9.5],
			"rotation": {"angle": 22.5, "axis": "z", "origin": [4.1903, 2.79329, 8]},
			"faces": {
				"north": {"uv": [0, 0, 6, 1], "texture": "#0"},
				"east": {"uv": [0, 0, 3, 1], "texture": "#0"},
				"south": {"uv": [0, 0, 6, 1], "texture": "#0"},
				"west": {"uv": [0, 0, 3, 1], "texture": "#0"},
				"up": {"uv": [0, 0, 6, 3], "texture": "#0"},
				"down": {"uv": [0, 0, 6, 3], "texture": "#0"}
			}
		},
		{
			"from": [1.25, 0, 6.5],
			"to": [2.25, 2.1, 9.5],
			"faces": {
				"north": {"uv": [0, 0, 1, 2.1], "texture": "#0"},
				"east": {"uv": [0, 0, 3, 2.1], "texture": "#0"},
				"south": {"uv": [0, 0, 1, 2.1], "texture": "#0"},
				"west": {"uv": [0, 0, 3, 2.1], "texture": "#0"},
				"up": {"uv": [0, 0, 1, 3], "texture": "#0"},
				"down": {"uv": [0, 0, 1, 3], "texture": "#0"}
			}
		},
		{
			"from": [6.55, 2.35671, 1.3097],
			"to": [9.55, 3.35671, 7.3097],
			"rotation": {"angle": -22.5, "axis": "x", "origin": [8.05, 2.85671, 4.3097]},
			"faces": {
				"north": {"uv": [0, 0, 3, 1], "rotation": 270, "texture": "#0"},
				"east": {"uv": [0, 0, 6, 1], "rotation": 270, "texture": "#0"},
				"south": {"uv": [0, 0, 3, 1], "rotation": 270, "texture": "#0"},
				"west": {"uv": [0, 0, 6, 1], "rotation": 270, "texture": "#0"},
				"up": {"uv": [0, 0, 3, 6], "rotation": 180, "texture": "#0"},
				"down": {"uv": [0, 0, 3, 6], "rotation": 270, "texture": "#0"}
			}
		},
		{
			"from": [6.5, 0, 1.35],
			"to": [9.5, 2.1, 2.35],
			"faces": {
				"north": {"uv": [0, 0, 3, 2.1], "texture": "#0"},
				"east": {"uv": [0, 0, 1, 2.1], "texture": "#0"},
				"south": {"uv": [0, 0, 3, 2.1], "texture": "#0"},
				"west": {"uv": [0, 0, 1, 2.1], "texture": "#0"},
				"up": {"uv": [0, 0, 3, 1], "texture": "#0"},
				"down": {"uv": [0, 0, 3, 1], "texture": "#0"}
			}
		},
		{
			"from": [2, 10.5, 7],
			"to": [14, 11.5, 9],
			"faces": {
				"north": {"uv": [0, 0, 12, 1], "texture": "#0"},
				"east": {"uv": [0, 0, 2, 1], "texture": "#0"},
				"south": {"uv": [0, 0, 12, 1], "texture": "#0"},
				"west": {"uv": [0, 0, 2, 1], "texture": "#0"},
				"up": {"uv": [0, 0, 12, 2], "texture": "#0"},
				"down": {"uv": [0, 0, 12, 2], "texture": "#0"}
			}
		},
		{
			"from": [7, 10.5, 2],
			"to": [9, 11.5, 14],
			"faces": {
				"north": {"uv": [0, 0, 2, 1], "texture": "#0"},
				"east": {"uv": [0, 0, 12, 1], "texture": "#0"},
				"south": {"uv": [0, 0, 2, 1], "texture": "#0"},
				"west": {"uv": [0, 0, 12, 1], "texture": "#0"},
				"up": {"uv": [0, 0, 2, 12], "texture": "#0"},
				"down": {"uv": [0, 0, 2, 12], "texture": "#0"}
			}
		}
	],
	"display": {
		"thirdperson_righthand": {
			"rotation": [45, 0, 0],
			"translation": [0, 1, 0],
			"scale": [0.35, 0.35, 0.35]
		},
		"thirdperson_lefthand": {
			"rotation": [45, 0, 0],
			"translation": [0, 1, 0],
			"scale": [0.35, 0.35, 0.35]
		},
		"firstperson_righthand": {
			"rotation": [-10, 15, 0],
			"translation": [1, 0, 0],
			"scale": [0.4, 0.4, 0.4]
		},
		"firstperson_lefthand": {
			"rotation": [-10, 15, 0],
			"translation": [1, 0, 0],
			"scale": [0.4, 0.4, 0.4]
		},
		"ground": {
			"translation": [0, 1, 0],
			"scale": [0.3, 0.3, 0.3]
		},
		"gui": {
			"rotation": [35, -135, 0],
			"translation": [0, -2, 0],
			"scale": [0.5, 0.5, 0.5]
		},
		"head": {
			"translation": [0, -31.5, 0],
			"scale": [2.29, 2.5, 2.29]
		},
		"fixed": {
			"scale": [0.8, 0.8, 0.8]
		}
	}
}