{
	"credit": "Made with Blockbench, a free, modern block model editor by JannisX11",
	"textures": {
		"0": "books/green_book",
		"1": "books/pages",
		"2": "books/stone_book",
		"particle": "books/pages"
	},
	"elements": [
		{
			"name": "Cover 1",
			"from": [6.5, 0, 0],
			"to": [7, 8.25, 6.5],
			"faces": {
				"north": {"uv": [0, 0, 0.5, 9], "texture": "#0"},
				"east": {"uv": [0, 0, 7, 9], "texture": "#0"},
				"south": {"uv": [0, 0, 0.5, 9], "texture": "#0"},
				"west": {"uv": [8, 0, 15, 9], "texture": "#0"},
				"up": {"uv": [2, 6.5, 2.5, 13.5], "texture": "#0"},
				"down": {"uv": [5.5, 6.5, 6, 13.5], "texture": "#0"}
			},
			"type": "cube"
		},
		{
			"name": "Cover 2",
			"from": [8.25, 0, 0],
			"to": [8.75, 8.25, 6.5],
			"faces": {
				"north": {"uv": [0, 0, 0.5, 9], "texture": "#0"},
				"east": {"uv": [8.5, 0, 15.5, 9], "texture": "#0"},
				"south": {"uv": [1, 0, 1.5, 9], "texture": "#0"},
				"west": {"uv": [0, 0, 7, 9], "texture": "#0"},
				"up": {"uv": [4, 5.5, 4.5, 12.5], "texture": "#0"},
				"down": {"uv": [3.5, 5, 4, 12], "texture": "#0"}
			},
			"type": "cube"
		},
		{
			"name": "Pages",
			"from": [7, 0.25, 0.25],
			"to": [8.25, 8, 6.5],
			"faces": {
				"north": {"uv": [0, 0, 4.5, 16], "texture": "#1"},
				"east": {"uv": [0, 0, 6.25, 8.5], "texture": "#1"},
				"south": {"uv": [0, 0, 5, 16], "texture": "#1"},
				"west": {"uv": [0, 0, 6.25, 8.5], "texture": "#1"},
				"up": {"uv": [0, 0.5, 4, 12.25], "texture": "#1"},
				"down": {"uv": [0, 0, 2, 6.25], "texture": "#1"}
			},
			"type": "cube"
		},
		{
			"name": "Binding",
			"from": [6.75, 0, 6.5],
			"to": [8.5, 8.25, 7],
			"faces": {
				"north": {"uv": [0, 0, 2, 9], "texture": "#0"},
				"east": {"uv": [0, 0, 0.5, 9], "texture": "#0"},
				"south": {"uv": [6.5, 0, 8.5, 9], "texture": "#0"},
				"west": {"uv": [0, 0, 0.5, 9], "texture": "#0"},
				"up": {"uv": [0, 0, 2, 0.5], "texture": "#0"},
				"down": {"uv": [0, 0, 2, 0.5], "texture": "#0"}
			},
			"type": "cube"
		},
		{
			"name": "Pages",
			"from": [9.5, 0.25, 0.25],
			"to": [11, 7.75, 6.5],
			"faces": {
				"north": {"uv": [0, 0, 4.5, 16], "texture": "#1"},
				"east": {"uv": [0, 0, 6.25, 8.5], "texture": "#1"},
				"south": {"uv": [0, 0, 5, 16], "texture": "#1"},
				"west": {"uv": [0, 0, 6.25, 8.5], "texture": "#1"},
				"up": {"uv": [0, 0, 4, 12.25], "texture": "#1"},
				"down": {"uv": [0, 0, 2, 6.25], "texture": "#1"}
			},
			"type": "cube"
		},
		{
			"name": "Pages",
			"from": [11, 0, 0],
			"to": [11.5, 8, 6.75],
			"faces": {
				"north": {"uv": [0, 0, 0.25, 7], "texture": "#2"},
				"east": {"uv": [0.5, 0, 7.25, 7], "texture": "#2"},
				"south": {"uv": [7, 0, 7.25, 7], "texture": "#2"},
				"west": {"uv": [0, 0, 6.75, 7], "texture": "#2"},
				"up": {"uv": [0, 0, 0.25, 6.75], "texture": "#2"},
				"down": {"uv": [8, 0, 8.25, 6.75], "texture": "#2"}
			},
			"type": "cube"
		},
		{
			"name": "Pages",
			"from": [9, 0, 0],
			"to": [9.5, 8, 6.75],
			"faces": {
				"north": {"uv": [0, 0, 0.25, 7], "texture": "#2"},
				"east": {"uv": [0, 0, 6.75, 7], "texture": "#2"},
				"south": {"uv": [0.5, 0, 0.75, 7], "texture": "#2"},
				"west": {"uv": [9, 0, 15.75, 7], "texture": "#2"},
				"up": {"uv": [0, 0, 0.25, 6.75], "texture": "#2"},
				"down": {"uv": [0, 0, 0.25, 6.75], "texture": "#2"}
			},
			"type": "cube"
		},
		{
			"name": "stonebind1",
			"from": [9.5, 6.5, 6.5],
			"to": [11, 7.25, 6.75],
			"faces": {
				"north": {"uv": [0, 0, 1.5, 0.75], "texture": "#2"},
				"east": {"uv": [0, 0, 0.25, 7], "texture": "#2"},
				"south": {
					"uv": [1.5, 0.5, 3, 1.25],
					"texture": "#2"
				},
				"west": {"uv": [0, 0, 0.25, 7], "texture": "#2"},
				"up": {"uv": [3.5, 0, 5, 0.25], "texture": "#2"},
				"down": {"uv": [6.5, 0, 8, 0.25], "texture": "#2"}
			},
			"type": "cube"
		},
		{
			"name": "stonebind2",
			"from": [9.5, 5, 6.5],
			"to": [11, 5.75, 6.75],
			"faces": {
				"north": {"uv": [0, 0, 1.5, 0.75], "texture": "#2"},
				"east": {"uv": [0, 0, 0.25, 7], "texture": "#2"},
				"south": {
					"uv": [10.5, 4.5, 12, 5.25],
					"texture": "#2"
				},
				"west": {"uv": [0, 0, 0.25, 7], "texture": "#2"},
				"up": {"uv": [3.5, 0, 5, 0.25], "texture": "#2"},
				"down": {"uv": [6.5, 0, 8, 0.25], "texture": "#2"}
			},
			"type": "cube"
		},
		{
			"name": "stonebind3",
			"from": [9.5, 2, 6.5],
			"to": [11, 2.75, 6.75],
			"faces": {
				"north": {"uv": [0, 0, 1.5, 0.75], "texture": "#2"},
				"east": {"uv": [0, 0, 0.25, 7], "texture": "#2"},
				"south": {
					"uv": [10, 9.5, 11.5, 10.25],
					"texture": "#2"
				},
				"west": {"uv": [0, 0, 0.25, 7], "texture": "#2"},
				"up": {"uv": [3.5, 0, 5, 0.25], "texture": "#2"},
				"down": {"uv": [6.5, 0, 8, 0.25], "texture": "#2"}
			},
			"type": "cube"
		},
		{
			"name": "stonebind3",
			"from": [9.5, 0.5, 6.5],
			"to": [11, 1.25, 6.75],
			"faces": {
				"north": {"uv": [0, 0, 1.5, 0.75], "texture": "#2"},
				"east": {"uv": [0, 0, 0.25, 7], "texture": "#2"},
				"south": {
					"uv": [3.5, 11.5, 5, 12.25],
					"texture": "#2"
				},
				"west": {"uv": [0, 0, 0.25, 7], "texture": "#2"},
				"up": {"uv": [3.5, 0, 5, 0.25], "texture": "#2"},
				"down": {"uv": [6.5, 0, 8, 0.25], "texture": "#2"}
			},
			"type": "cube"
		},
		{
			"name": "stonebind2",
			"from": [9.5, 3.5, 6.5],
			"to": [11, 4.25, 6.75],
			"faces": {
				"north": {"uv": [0, 0, 1.5, 0.75], "texture": "#2"},
				"east": {"uv": [0, 0, 0.25, 7], "texture": "#2"},
				"south": {"uv": [4, 6, 5.5, 6.75], "texture": "#2"},
				"west": {"uv": [0, 0, 0.25, 7], "texture": "#2"},
				"up": {"uv": [3.5, 0, 5, 0.25], "texture": "#2"},
				"down": {"uv": [6.5, 0, 8, 0.25], "texture": "#2"}
			},
			"type": "cube"
		}
	],
	"display": {
		"thirdperson_righthand": {
			"rotation": [0, 0, 0],
			"translation": [0, 0, 0],
			"scale": [1, 1, 1]
		},
		"thirdperson_lefthand": {
			"rotation": [0, 0, 90],
			"translation": [-11.5, -2, -2],
			"scale": [1.7, 1.7, 1.7]
		},
		"firstperson_lefthand": {
			"rotation": [0, 0, 0],
			"translation": [0, 0, 0],
			"scale": [1, 1, 1]
		},
		"gui": {
			"rotation": [30, 35, 0],
			"translation": [0, 0, 0],
			"scale": [1, 1, 1]
		},
		"head": {
			"rotation": [0, 0, 0],
			"translation": [0, -15.5, -0.5],
			"scale": [2.25, 2.25, 2.25]
		},
		"fixed": {
			"rotation": [0, 0, 0],
			"translation": [0, 1, 0],
			"scale": [0.5, 0.5, 0.5]
		}
	}
}