{
	"credit": "Made with Blockbench, a free, modern block model editor by JannisX11",
	"textures": {
		"0": "books/pages",
		"1": "books/stone_book",
		"2": "books/cyan2",
		"3": "books/blue_book2",
		"particle": "books/stone_book"
	},
	"elements": [
		{
			"name": "Cover 1",
			"from": [6.25, 0, -0.5],
			"to": [6.75, 8.75, 6.5],
			"faces": {
				"north": {
					"uv": [0, 0, 0.25, 9.75],
					"texture": "#1"
				},
				"east": {
					"uv": [1, 1.5, 7.5, 11.25],
					"texture": "#1"
				},
				"south": {
					"uv": [6, 2.5, 6.25, 11.25],
					"texture": "#1"
				},
				"west": {
					"uv": [0, 2.5, 6.5, 11.25],
					"texture": "#1"
				},
				"up": {"uv": [3.5, 0, 4, 7], "texture": "#1"},
				"down": {"uv": [0, 0, 0.5, 7], "texture": "#1"}
			},
			"type": "cube"
		},
		{
			"name": "Cover 2",
			"from": [8.5, 0, -0.5],
			"to": [9, 8.75, 6.5],
			"faces": {
				"north": {
					"uv": [0, 0, 0.25, 9.75],
					"texture": "#1"
				},
				"east": {
					"uv": [9.5, 2.5, 16, 11.25],
					"texture": "#1"
				},
				"south": {
					"uv": [4, 2.5, 4.25, 11.25],
					"texture": "#1"
				},
				"west": {
					"uv": [9, 2, 15.5, 11.75],
					"texture": "#1"
				},
				"up": {"uv": [3, 0, 3.5, 7], "texture": "#1"},
				"down": {"uv": [0, 0, 0.25, 6.5], "texture": "#1"}
			},
			"type": "cube"
		},
		{
			"name": "Pages",
			"from": [6.75, 0.25, -0.25],
			"to": [8.5, 8.25, 6],
			"faces": {
				"north": {"uv": [5.5, 0, 10, 16], "texture": "#3"},
				"east": {"uv": [0, 0, 6.25, 8.5], "texture": "#3"},
				"south": {"uv": [5.5, 0, 10, 16], "texture": "#3"},
				"west": {"uv": [0, 0, 6.25, 8.5], "texture": "#3"},
				"up": {"uv": [4.5, 0, 9, 15.75], "texture": "#3"},
				"down": {"uv": [4.5, 0, 9, 15.25], "texture": "#3"}
			},
			"type": "cube"
		},
		{
			"name": "Pages",
			"from": [9.35, 0.25, 0.25],
			"to": [12.35, 6.75, 6.25],
			"faces": {
				"north": {"uv": [4, 0, 11, 16], "texture": "#0"},
				"east": {"uv": [0, 0, 6.25, 8.5], "texture": "#0"},
				"south": {"uv": [0, 0, 5, 16], "texture": "#0"},
				"west": {"uv": [0, 0, 6.25, 8.5], "texture": "#0"},
				"up": {"uv": [6.5, 0, 10, 15.75], "texture": "#0"},
				"down": {"uv": [0, 0, 4, 15.75], "texture": "#0"}
			},
			"type": "cube"
		},
		{
			"name": "Pages",
			"from": [12.35, 0, 0],
			"to": [12.6, 7, 6.25],
			"faces": {
				"north": {"uv": [0, 0, 0.25, 7], "texture": "#2"},
				"east": {"uv": [9.5, 0, 15.75, 7], "texture": "#2"},
				"south": {"uv": [9.5, 0, 9.75, 7], "texture": "#2"},
				"west": {"uv": [0, 0, 6.25, 7], "texture": "#2"},
				"up": {
					"uv": [9.5, 8.5, 9.75, 14.75],
					"texture": "#2",
					"rotation": 180
				},
				"down": {"uv": [0, 0, 0.5, 6.75], "texture": "#2"}
			},
			"type": "cube"
		},
		{
			"name": "Pages",
			"from": [9.1, 0, 0],
			"to": [9.35, 7, 6.25],
			"faces": {
				"north": {"uv": [0, 0, 0.25, 7], "texture": "#2"},
				"east": {"uv": [0, 0, 6.25, 7], "texture": "#2"},
				"south": {"uv": [9, 0, 9.25, 7], "texture": "#2"},
				"west": {"uv": [3, 0, 9.25, 7], "texture": "#2"},
				"up": {
					"uv": [9, 5.5, 9.25, 11.75],
					"texture": "#2"
				},
				"down": {"uv": [0, 0, 0.25, 6.75], "texture": "#2"}
			},
			"type": "cube"
		},
		{
			"name": "Pages",
			"from": [9.35, 0, 6.25],
			"to": [12.35, 7, 6.5],
			"faces": {
				"north": {"uv": [0, 0, 3, 7], "texture": "#2"},
				"east": {"uv": [6.5, 0, 6.75, 7], "texture": "#2"},
				"south": {"uv": [4, 0, 7, 7], "texture": "#2"},
				"west": {"uv": [0, 0, 0.25, 7], "texture": "#2"},
				"up": {"uv": [5.5, 5, 8.5, 5.25], "texture": "#2"},
				"down": {"uv": [0, 0, 1.5, 0.25], "texture": "#2"}
			},
			"type": "cube"
		},
		{
			"name": "cube",
			"from": [6.75, 5, -0.5],
			"to": [8.5, 6, 6.25],
			"faces": {
				"north": {"uv": [9, 7, 10.75, 8], "texture": "#1"},
				"east": {"uv": [0, 0, 3.375, 0.5], "texture": "#1"},
				"south": {"uv": [6, 4, 7.5, 5], "texture": "#1"},
				"west": {"uv": [0, 0, 3.375, 0.5], "texture": "#1"},
				"up": {"uv": [8, 4, 9.75, 10.75], "texture": "#1"},
				"down": {
					"uv": [8.5, 3.5, 10.25, 10.25],
					"texture": "#1"
				}
			},
			"type": "cube"
		},
		{
			"name": "cube",
			"from": [6.75, 2, -0.5],
			"to": [8.5, 3, 6.25],
			"faces": {
				"north": {"uv": [9, 7, 10.75, 8], "texture": "#1"},
				"east": {"uv": [0, 0, 3.375, 0.5], "texture": "#1"},
				"south": {"uv": [6, 4, 7.5, 5], "texture": "#1"},
				"west": {"uv": [0, 0, 3.375, 0.5], "texture": "#1"},
				"up": {"uv": [8, 4, 9.75, 10.75], "texture": "#1"},
				"down": {
					"uv": [8.5, 3.5, 10.25, 10.25],
					"texture": "#1"
				}
			},
			"type": "cube"
		}
	],
	"display": {
		"thirdperson_righthand": {
			"rotation": [0, 0, 0],
			"translation": [0, 0, 0],
			"scale": [1, 1, 1]
		},
		"thirdperson_lefthand": {
			"rotation": [0, 0, 90],
			"translation": [-7, -0.5, -2],
			"scale": [1.7, 1.5, 1.7]
		},
		"firstperson_lefthand": {
			"rotation": [0, 0, 0],
			"translation": [0, 0, 0],
			"scale": [1, 1, 1]
		},
		"gui": {
			"rotation": [30, 35, 0],
			"translation": [0, 0, 0],
			"scale": [1, 1, 1]
		},
		"head": {
			"rotation": [0, 0, 0],
			"translation": [0, -15.5, -0.5],
			"scale": [2.25, 2.25, 2.25]
		},
		"fixed": {
			"rotation": [0, 0, 0],
			"translation": [0, 1, 0],
			"scale": [0.5, 0.5, 0.5]
		}
	}
}