{
	"credit": "Made with Blockbench, a free, modern block model editor by JannisX11",
	"textures": {
		"0": "block/anvil",
		"3": "books/pages",
		"6": "books/blue_book_gold",
		"8": "books/red_book_trim",
		"9": "books/golden_pages",
		"11": "books/cyan",
		"particle": "block/anvil"
	},
	"elements": [
		{
			"name": "Paper4.1",
			"from": [0.51, 8.25, 3.75],
			"to": [1.51, 13.4, 7.5],
			"faces": {
				"up": {"uv": [2, 0.5, 3, 4.5], "texture": "#9"}
			}
		},
		{
			"name": "Book4.1",
			"from": [0.51, 7.75, 3.5],
			"to": [1.51, 13.5, 7.5],
			"faces": {
				"east": {"uv": [1.5, 9.5, 5.5, 15.25], "texture": "#6"},
				"south": {"uv": [13.5, 9.5, 14.5, 15.25], "texture": "#6"},
				"west": {"uv": [0, 9.5, 4, 15.25], "texture": "#6"}
			}
		},
		{
			"name": "Book4.2",
			"from": [1.52, 7.75, 3.3],
			"to": [2.52, 13.5, 7.3],
			"faces": {
				"east": {"uv": [2.5, 9.5, 6.5, 15.25], "texture": "#6"},
				"south": {"uv": [11.5, 9.5, 12.5, 15.25], "texture": "#6"},
				"west": {"uv": [0, 9.5, 4, 15.25], "texture": "#6"}
			}
		},
		{
			"name": "Paper4.2",
			"from": [1.52, 8.25, 3.55],
			"to": [2.52, 13.4, 7.3],
			"faces": {
				"up": {"uv": [7.5, 3, 8.5, 6.75], "texture": "#9"}
			}
		},
		{
			"name": "Book4.3",
			"from": [2.53, 7.75, 3.5],
			"to": [3.53, 13.5, 7.5],
			"faces": {
				"east": {"uv": [2.5, 9.5, 6.5, 15.25], "texture": "#6"},
				"south": {"uv": [1, 9.5, 2, 15.25], "texture": "#6"},
				"west": {"uv": [4.5, 9.5, 8.5, 15.25], "texture": "#6"}
			}
		},
		{
			"name": "Paper4.3",
			"from": [2.53, 8.25, 3.75],
			"to": [3.53, 13.4, 7.5],
			"faces": {
				"up": {"uv": [6.5, 4, 7.5, 8], "texture": "#9"}
			}
		},
		{
			"name": "Book4.4",
			"from": [3.54, 7.75, 3.5],
			"to": [5.29, 14.25, 8],
			"faces": {
				"east": {"uv": [5.5, 9.5, 10, 16], "texture": "#8"},
				"south": {"uv": [0, 9.5, 1.75, 16], "texture": "#8"},
				"west": {"uv": [5.5, 9.5, 10, 16], "texture": "#8"}
			}
		},
		{
			"name": "Book4.4",
			"from": [3.54, 7.75, 3.5],
			"to": [5.29, 14.15, 8],
			"faces": {
				"up": {"uv": [0, 0, 0, 0], "texture": "#3"}
			}
		},
		{
			"name": "Book4.4",
			"from": [5.3, 7.75, 3.5],
			"to": [6.4, 12.5, 7.5],
			"faces": {
				"east": {"uv": [9, 3.5, 13, 8.25], "texture": "#11"},
				"south": {"uv": [13.5, 9.5, 14.5, 14.25], "texture": "#11"},
				"west": {"uv": [5.5, 9, 9.5, 13.75], "texture": "#11"}
			}
		},
		{
			"name": "Paper4.4",
			"from": [5.3, 8.25, 3.75],
			"to": [6.4, 12.3, 7.5],
			"faces": {
				"up": {"uv": [6.5, 4, 7.5, 8], "texture": "#3"}
			}
		},
		{
			"name": "BookHolder1",
			"from": [6.45, 7.75, 4.25],
			"to": [6.8, 11.25, 6.5],
			"faces": {
				"north": {"uv": [0, 0, 0.35, 3.5], "texture": "#0"},
				"east": {"uv": [9, 8, 11.25, 11.5], "texture": "#0"},
				"south": {"uv": [4, 5, 4.35, 8.5], "texture": "#0"},
				"west": {"uv": [0, 0, 2.25, 3.5], "texture": "#0"},
				"up": {"uv": [0, 0, 0.35, 2.25], "texture": "#0"}
			}
		},
		{
			"name": "BookHolder2",
			"from": [6.45, 7.75, 4.5],
			"to": [8.55, 8, 6.25],
			"faces": {
				"north": {"uv": [0, 0, 2.1, 0.25], "texture": "#0"},
				"east": {"uv": [0, 0, 1.75, 0.25], "texture": "#0"},
				"south": {"uv": [0, 0, 2.1, 0.25], "texture": "#0"},
				"up": {"uv": [0, 0, 2.1, 1.75], "texture": "#0"}
			}
		}
	],
	"display": {
		"thirdperson_righthand": {
			"rotation": [0, 0, 0],
			"translation": [0, 0, 0]
		},
		"thirdperson_lefthand": {
			"rotation": [0, 0, 90],
			"translation": [0.7, -10, -4.6],
			"scale": [2, 2, 2]
		},
		"firstperson_lefthand": {
			"rotation": [0, 0, 0],
			"translation": [0, 0, 0]
		},
		"gui": {
			"rotation": [30, 35, 0],
			"translation": [0, 0, 0]
		},
		"head": {
			"rotation": [0, 270, 0],
			"translation": [10.75, -9.75, 0],
			"scale": [2.291, 2.225, 2.32]
		},
		"fixed": {
			"rotation": [0, 0, 0],
			"translation": [0, 1, 0],
			"scale": [0.5, 0.5, 0.5]
		}
	}
}